Workbook
Name __EEE07: [1]Alat!$H$20
Name __EEE07: [1]Alat!$H$20
Name __EEE07: [1]Alat!$H$20
Name __EEE07: [1]Alat!$H$20
Name __EEE07: [2]Alat!$H$20
Name A: #REF!
Name A: #REF!
Name A: #REF!
Name A: #REF!
Name A: #REF!
Name amp: '[3]B&U'!$F$12
Name Amplas: #REF!
Name Amplas: #REF!
Name Amplas: #REF!
Name Amplas: #REF!
Name Amplas: #REF!
Name ATAPASBES: #REF!
Name ATAPASBES: #REF!
Name ATAPASBES: #REF!
Name ATAPASBES: #REF!
Name ATAPASBES: #REF!
Name azzzz: #REF!
Name azzzz: #REF!
Name azzzz: #REF!
Name azzzz: #REF!
Name azzzz: #REF!
Name BATUALAMTEMPEL: #REF!
Name BATUALAMTEMPEL: #REF!
Name BATUALAMTEMPEL: #REF!
Name BATUALAMTEMPEL: #REF!
Name BATUALAMTEMPEL: #REF!
Name BATUBELAHPUTIH: #REF!
Name BATUBELAHPUTIH: #REF!
Name BATUBELAHPUTIH: #REF!
Name BATUBELAHPUTIH: #REF!
Name BATUBELAHPUTIH: #REF!
Name BATUKALIBELAH: #REF!
Name BATUKALIBELAH: #REF!
Name BATUKALIBELAH: #REF!
Name BATUKALIBELAH: #REF!
Name BATUKALIBELAH: #REF!
Name BATUMERAH: #REF!
Name BATUMERAH: #REF!
Name BATUMERAH: #REF!
Name BATUMERAH: #REF!
Name BATUMERAH: #REF!
Name begistingd: #REF!
Name begistingd: #REF!
Name begistingd: #REF!
Name begistingd: #REF!
Name begistingd: #REF!
Name begistingt: #REF!
Name begistingt: #REF!
Name begistingt: #REF!
Name begistingt: #REF!
Name begistingt: #REF!
Name BesiBeton: #REF!
Name BesiBeton: #REF!
Name BesiBeton: #REF!
Name BesiBeton: #REF!

Sheet Rekapitulasi
A1: REKAPITULASI
D2: RENCANA ANGGARAN BIAYA (RAB)
A4: PEKERJAAN | C4: : | D4: PEMBANGUNAN GEDUNG A (STRUKTUR DAN ARSITEKTUR)
A5: LOKASI | C5: : | D5: DINAS ABC
A6: KABUPATEN | C6: : | D6: MAJALENGKA
A7: TAHUN ANGGARAN | C7: : | D7: 2019
A9: NO. | B9: URAIAN PEKERJAAN | E9: JUMLAH HARGA (Rp)
A11: 1 | B11: PEKERJAAN PERSIAPAN | E11: =RAB!I14 -> 30503932
A12: 2 | B12: PEKERJAAN TANAH | E12: =RAB!I21 -> 14233630
A13: 3 | B13: PEKERJAAN PONDASI | E13: =RAB!I24 -> 51047321
A14: 4 | B14: PEKERJAAN BETON | E14: =RAB!I46 -> 5.0738291e+08
A15: 5 | B15: PEKERJAAN DINDING, PLESTERAN DAN PASRTISI | E15: =RAB!I51 -> 98716368
A16: 6 | B16: PEKERJAAN PENUTUP LANTAI | E16: =RAB!I55 -> 98810929
A17: 7 | B17: PEKERJAAN ATAP DAN PLAFOND | E17: =RAB!I63 -> 1.5519056e+08
A18: 8 | B18: PEKERJAAN KUSEN, PINTU DAN JENDELA | E18: =RAB!I72 -> 3.7774081e+08
A19: 9 | B19: PEKERJAAN PENGECATAN | E19: =RAB!I77 -> 24103000
A20: JUMLAH | E20: =SUM(E11:E19) -> 1.3577295e+09
A21: PPN 10% | E21: =E20*10% -> 1.3577295e+08
A22: TOTAL JUMLAH | E22: =E20+E21 -> 1.4935024e+09
A23: DIBULATKAN | E23: =TRUNC(E22/1000)*1000 -> 1493502000
A24: TERBILANG | C24: : | D24: # Satu Milyar Empat Ratus Sembilan Puluh Empat Juta Lima Ratus Lima Puluh Dua Ribu Rupiah #

Sheet RAB
A1: RENCANA ANGGARAN BIAYA (RAB)
A3: PEKERJAAN | C3: : | D3: =Rekapitulasi!D4 -> PEMBANGUNAN GEDUNG A (STRUKTUR DAN ARSITEKTUR)
A4: =+Rekapitulasi!A5 -> LOKASI | C4: : | D4: =+Rekapitulasi!D5 -> DINAS ABC
A5: =+Rekapitulasi!A6 -> KABUPATEN | C5: : | D5: =+Rekapitulasi!D6 -> MAJALENGKA
A6: =+Rekapitulasi!A7 -> TAHUN ANGGARAN | C6: : | D6: =+Rekapitulasi!D7 -> 2019
A8: NO | B8: URAIAN PEKERJAAN | E8: VOLUME | F8: SAT. | G8: ANALISA | H8: HARGA SATUAN (Rp) | I8: JUMLAH HARGA (Rp)
A10: I | B10: PEKERJAAN PERSIAPAN
A11: 1 | B11: Pengukuran dan Pemasangan Bouwplank | E11: 126.61 | F11: M' | G11: A.2.2.1.4 | H11: ='Analisa '!K11 -> 101200 | I11: =ROUND(E11*H11,2) -> 12812932
A12: 2 | B12: Pembersihan Lapangan dan Perataan | E12: 180 | F12: M2 | G12: A.2.2.1.9 | H12: ='Analisa '!K25 -> 14950 | I12: =ROUND(E12*H12,2) -> 2691000
A13: =+A12+1 -> 3 | B13: Mobilisasi dan Demobilisasi Alat | E13: 1 | F13: Ls | G13: Taksir | H13: 15000000 | I13: =ROUND(E13*H13,2) -> 15000000
A14: SUB TOTAL I | I14: =SUM(I11:I13) -> 30503932
A15: II | B15: PEKERJAAN TANAH
A16: 1 | B16: Galian Tanah Biasa 1 m | E16: 40 | F16: M3 | G16: A.2.3.1.1 | H16: ='Analisa '!K34 -> 67850 | I16: =ROUND(E16*H16,2) -> 2714000
A17: =+A16+1 -> 2 | B17: Galian Tanah Biasa 2 m | E17: 28 | F17: M3 | G17: A.2.3.1.2 | H17: ='Analisa '!K43 -> 83317.5 | I17: =ROUND(E17*H17,2) -> 2332890
A18: 3 | B18: Urugan Tanah Kembali | E18: 16 | F18: M3 | G18: A.2.3.1.9 | H18: ='Analisa '!K52 -> 16483.333 | I18: =ROUND(E18*H18,2) -> 263733.33
A19: 4 | B19: Urugan Pasir Bawah Pondasi dan Sloof | E19: 8.76 | F19: M3 | G19: A.2.3.1.11 | H19: ='Analisa '!K62 -> 475640 | I19: =ROUND(E19*H19,2) -> 4166606.4
A20: 5 | B20: Urugan Pasir Bawah Lantai | E20: 10 | F20: M3 | G20: A.2.3.1.11 | H20: ='Analisa '!K62 -> 475640 | I20: =ROUND(E20*H20,2) -> 4756400
A21: SUB TOTAL II | I21: =SUM(I16:I20) -> 14233630
A22: III | B22: PEKERJAAN PONDASI
A23: 1 | B23: Pasangan Batu Belah 1Pc : 4Ps | E23: 48.9 | F23: M3 | G23: A.3.2.1.2 | H23: ='Analisa '!K72 -> 1043912.5 | I23: =+H23*E23 -> 51047321
A24: SUB TOTAL III | I24: =SUM(I23:I23) -> 51047321
A25: IV | B25: PEKERJAAN BETON
A26: 1 | B26: Lantai Kerja (Rabat Beton) dibawah Foot Plat T=10 cm | E26: 4.2 | F26: M3 | G26: A.2.3.1.14 | H26: ='Analisa '!K86 -> 901784 | I26: =ROUND(E26*H26,2) -> 3787492.8
A27: 2 | B27: Lantai Kerja (Rabat Beton) Lantai 1 T=10 cm | E27: 18.62 | F27: M3 | G27: A.2.3.1.14 | H27: ='Analisa '!K86 -> 901784 | I27: =ROUND(E27*H27,2) -> 16791218
A28: 3 | B28: Foot Plat (200 x 200) cm K250
B29: a. Cor Manual | E29: 33.6 | F29: M3 | G29: A.4.1.1.8 | H29: ='Analisa '!K102 -> 1115149.2 | I29: =ROUND(E29*$H29,2) -> 37469015
B30: b. Pembesian | E30: 5563.92 | F30: Kg | G30: A.4.1.1.17 | H30: ='Analisa '!K118 -> 14444.575 | I30: =ROUND(E30*$H30,2) -> 80368460
B31: c. Bekisting | E31: 146.8 | F31: M2 | G31: A.4.1.1.20 | H31: ='Analisa '!K131 -> 155399.5 | I31: =ROUND(E31*$H31,2) -> 22812647
A32: 4 | B32: Sloof SL (15 x 30) cm K250
B33: a. Cor Manual | E33: 13.54 | F33: M3 | G33: A.4.1.1.8 | H33: =H29 -> 1115149.2 | I33: =ROUND(E33*H33,2) -> 15099121
B34: b. Pembesian | E34: 1642.79 | F34: Kg | G34: A.4.1.1.17 | H34: ='Analisa '!K118 -> 14444.575 | I34: =ROUND(E34*H34,2) -> 23729403
B35: c. Bekisting | E35: 90.29 | F35: M2 | G35: A.4.1.1.21 | H35: ='Analisa '!K145 -> 165749.5 | I35: =ROUND(E35*H35,2) -> 14965522
A36: 5 | B36: Kolom Struktur (KB1) K250
B37: a. Cor Manual | E37: 16.53 | F37: M3 | G37: A.4.1.1.8 | H37: =+H33 -> 1115149.2 | I37: =ROUND(E37*$H37,2) -> 18433417
B38: b. Pembesian | E38: 5244.35 | F38: Kg | G38: A.4.1.1.17 | H38: =H34 -> 14444.575 | I38: =ROUND(E38*$H38,2) -> 75752407
B39: c. Bekisting | E39: 165.312 | F39: M2 | G39: A.4.1.1.22 | H39: ='Analisa '!K159 -> 399067.25 | I39: =ROUND(E39*$H39,2) -> 65970605
A40: 6 | B40: Balok Struktur Atap (20 x 30) cm K250
B41: a. Cor Manual | E41: 17.913 | F41: M3 | G41: A.4.1.1.8 | H41: =H37 -> 1115149.2 | I41: =ROUND(E41*$H41,2) -> 19975669
B42: b. Pembesian | E42: 2498.18 | F42: Kg | G42: A.4.1.1.17 | H42: =H38 -> 14444.575 | I42: =ROUND(E42*$H42,2) -> 36085148
B43: c. Bekisting | E43: 158.55 | F43: M2 | G43: A.4.1.1.23 | H43: =H39 -> 399067.25 | I43: =ROUND(E43*$H43,2) -> 63272112
A44: 7 | B44: Kolom Beton Praktis 11 x 11 (K175) | E44: 72.8 | F44: M' | G44: A.4.1.1.35 | H44: ='Analisa '!K193 -> 78596.75 | I44: =ROUND(E44*$H44,2) -> 5721843.4
A45: 8 | B45: Ring Balk Praktis | E45: 64.84 | F45: M' | G45: A.4.1.1.36 | H45: ='Analisa '!K213 -> 110253.38 | I45: =ROUND(E45*$H45,2) -> 7148828.8
A46: SUB TOTAL IV | I46: =SUM(I26:I45) -> 5.0738291e+08
A47: V | B47: PEKERJAAN DINDING, PLESTERAN DAN PARTISI
A48: 1 | B48: Pasangan Bata Merah tebal 1/2 bata 1 PC : 4 PC | E48: 290.9748 | F48: M2 | G48: A.4.4.1.9 | H48: ='Analisa '!K233 -> 130539.38 | I48: =ROUND(E48*H48,2) -> 37983669
A49: 2 | B49: Plesteran 1PC : 4PP tebal 1,5 cm | E49: 631.7016 | F49: M2 | G49: A.4.4.2.4 | H49: ='Analisa '!K248 -> 61979.25 | I49: =ROUND(E49*H49,2) -> 39152391
A50: 3 | B50: Acian | E50: 631.7016 | F50: M2 | G50: A.4.4.2.27 | H50: ='Analisa '!K261 -> 34162.188 | I50: =ROUND(E50*H50,2) -> 21580308
A51: SUB TOTAL V | I51: =SUM(I48:I50) -> 98716368
A52: VI | B52: PEKERJAAN PENUTUP LANTAI
A53: 1 | B53: Pasangan Lantai Granit tile uk. (60 x 60) cm | E53: 262.22 | F53: M2 | G53: A.4.4.3.9 | H53: ='Analisa '!K273 -> 369972.25 | I53: =ROUND(E53*H53,2) -> 97014123
A54: 2 | B54: Pasangan Keramik Lantai KM / WC 20x20 | E54: 8.48 | F54: M2 | G54: A.4.4.3.36 | H54: ='Analisa '!K288 -> 211887.5 | I54: =ROUND(E54*H54,2) -> 1796806
A55: SUB TOTAL VI | I55: =SUM(I53:I54) -> 98810929
A56: VII | B56: PEKERJAAN ATAP & PLAFON
A57: 1 | B57: Kuda-kuda baja IWF 150.75.5.7 + Meni | E57: 880.32 | F57: Kg | G57: A.4.2.1.2 | H57: ='Analisa '!K316 -> 28951.25 | I57: =ROUND(E57*$H57,2) -> 25486364
A58: 2 | B58: Gording CNP 150 x 50 x 20 x 2.3 | E58: 742.48 | F58: Kg | G58: A.4.2.1.1 | H58: ='Analisa '!K303 -> 30262.25 | I58: =ROUND(E58*$H58,2) -> 22469115
A59: 3 | B59: Memasang Atap Galvalum gelombang 35 warna | E59: 571.17472 | F59: M2 | G59: A.4.5.2.39 | H59: ='Analisa '!K328 -> 70299.5 | I59: =ROUND(E59*$H59,2) -> 40153297
A60: =+A59+1 -> 4 | B60: Memasang bubungan seng Galvalum plat | E60: 52 | F60: M' | G60: A.4.5.2.40 | H60: ='Analisa '!K341 -> 37231.25 | I60: =ROUND(E60*$H60,2) -> 1936025
A61: 5 | B61: Rangka Plafond Hollow Galvalume / Zincalume 0.35 mm | E61: 428.48 | F61: M2 | G61: A.4.2.1.21 | H61: ='Analisa '!K367 -> 108450.75 | I61: =ROUND(E61*$H61,2) -> 46468977
A62: =+A61+1 -> 6 | B62: Memasang Plafond Gypsum Board 9 mm | E62: 428.48 | F62: M2 | G62: A.4.5.1.7 | H62: ='Analisa '!K380 -> 43588.45 | I62: =ROUND(E62*$H62,2) -> 18676779
A63: SUB TOTAL VII | I63: =SUM(I57:I62) -> 1.5519056e+08
A64: VIII | B64: PEKERJAAN KUSEN, PINTU & JENDELA
A65: 1 | B65: Kusen Pintu Alumunium 4' | E65: 127.6 | F65: M' | G65: A.4.2.1.11 | H65: ='Analisa '!K408 -> 164949.67 | I65: =ROUND(E65*H65,2) -> 21047579
A66: =+A65+1 -> 2 | B66: Kusen Jendela Alumunium 4' | E66: 543.95 | F66: M' | G66: A.4.2.1.11 | H66: ='Analisa '!K408 -> 164949.67 | I66: =ROUND(E66*H66,2) -> 89724376
A67: =+A66+1 -> 3 | B67: Memasang Rangka Pintu Alumunium | E67: 26.256 | F67: M2 | G67: A.4.2.1.13 | H67: ='Analisa '!K435 -> 1230362 | I67: =ROUND(E67*H67,2) -> 32304385
A68: 5 | B68: Memasang Rangka Jendela Alumunium | E68: 156.6 | F68: M2 | G68: A.4.2.1.13 | H68: =H67 -> 1230362 | I68: =ROUND(E68*H68,2) -> 1.9267469e+08
A69: 6 | B69: Memasang Pintu Alumunium KM Strip lebar 8 cm | E69: 12.7776 | F69: M2 | G69: A.4.2.1.12 | H69: ='Analisa '!K422 -> 775898.68 | I69: =ROUND(E69*H69,2) -> 9914122.9
A70: 7 | B70: Memasang Kaca Buram / Raybend 5 mm | E70: 55.6782 | F70: M2 | G70: A.4.6.2.17b | H70: ='Analisa '!K462 -> 172364.88 | I70: =ROUND(E70*H70,2) -> 9596966
A71: 8 | B71: Memasang Kaca Bening 5 mm | E71: 152.8488 | F71: M2 | G71: A.4.6.2.17 | H71: ='Analisa '!K449 -> 147064.88 | I71: =ROUND(E71*H71,2) -> 22478690
A72: SUB TOTAL VIII | I72: =SUM(I65:I71) -> 3.7774081e+08
A73: IX | B73: PEKERJAAN PENGECATAN
A74: 1 | B74: Cat Dinding Interior | E74: 518.05 | F74: M2 | G74: A.4.7.1.10 | H74: ='Analisa '!K475 -> 22308.275 | I74: =ROUND(E74*H74,2) -> 11556802
A75: 2 | B75: Cat Dinding Eksterior | E75: 113.65 | F75: M2 | G75: A.4.7.1.10m | H75: ='Analisa '!K490 -> 26287.275 | I75: =ROUND(E75*H75,2) -> 2987548.8
A76: 3 | B76: Cat Plafond | E76: 428.48 | F76: M2 | G76: A.4.7.1.10 | H76: =H74 -> 22308.275 | I76: =ROUND(E76*H76,2) -> 9558649.7
A77: SUB TOTAL IX | I77: =SUM(I74:I76) -> 24103000

Sheet Analisa Upah
A1: DAFTAR UPAH PEKERJA
A3: Kode | B3: Uraian | D3: Satuan | E3: Harga Satuan (Rp.) | G3: KET
E4: Harga | F4: Pembulatan | J4: Acuan Berdasarkan UMK yang berlaku di setiap Daerah & PERMENAKER 15/2018 Pasal 19
A5: L.01 | B5: Pekerja/Asisten Tukang/Kenek | D5: Hr | E5: =O12 -> 71540 | F5: 75000 | G5: Pembulatan dari UMK | J5: UMK Kab. Purbalingga (Tahun 2019) | N5: Rp | O5: 1788500 | P5: A
A6: L.02 | B6: Tukang Kayu | D6: Hr | E6: =E5*1.2 -> 85848 | F6: 90000 | G6: 20% > dari Pekerja | J6: Jumlah Hari kerja (6 Hari / Minggu) | L6: Kerja | M6: 08.00 s/d 12.00 | N6: Hari | O6: 25 | P6: B
A7: L.02 | B7: Tukang Batu | D7: Hr | E7: =E6 -> 85848 | F7: =F6 -> 90000 | G7: 20% > dari Pekerja | J7: Jam Kerja (Jam/Hari) | K7: 7 | L7: Istirahat | M7: 12.00 s/d 13.00 | P7: C
A8: L.02 | B8: Tukang Besi | D8: Hr | E8: =E7 -> 85848 | F8: =F7 -> 90000 | G8: 20% > dari Pekerja | L8: Kerja | M8: 13.00 s/d 16.00
A9: L.02 | B9: Tukang Cat | D9: Hr | E9: =E8 -> 85848 | F9: =F8 -> 90000 | G9: 20% > dari Pekerja | J9: Jumlah Hari Kerja (5 Hari / Minggu) | L9: Kerja | M9: 08.00 s/d 12.00 | N9: Hari | O9: 21 | P9: D
A10: L.02 | B10: Tukang Listrik | D10: Hr | E10: =E9 -> 85848 | F10: =F9 -> 90000 | G10: 20% > dari Pekerja | J10: Jam Kerja (Jam/Hari) | K10: 8 | L10: Istirahat | M10: 12.00 s/d 13.00 | P10: E
A11: L.03 | B11: Kepala Tukang | D11: Hr | E11: =E5*1.3 -> 93002 | F11: 95000 | G11: 30% > dari Pekerja | L11: Kerja | M11: 13.00 s/d 17.00
A12: L.04 | B12: Mandor | D12: Hr | E12: =E5*1.5 -> 107310 | F12: 110000 | G12: 50% > dari Pekerja | J12: Upah Per Hari ------ (G) | O12: =O5/O6 -> 71540 | P12: (A/B) atau (A/D)
J13: Upah Per Jam (Dengan Analisa dibagi waktu kerja per hari) ------ (H) | O13: =O12/K7 -> 10220 | P13: (G/C) atau (G/E)
A14: L.01 | B14: Pekerja/Asisten Tukang/Kenek | D14: Jam | E14: =E5/K7 -> 10220 | F14: 10500 | J14: Upah Per Jam (Dengan Analisa dibagi waktu kerja per bulan) ------ (I) | O14: =O5/J21 -> 10338.15 | P14: (A/F)
A15: L.02 | B15: Tukang Kayu | D15: Jam | E15: =E6/K7 -> 12264 | F15: 12500
A16: L.02 | B16: Tukang Batu | D16: Jam | E16: =E15 -> 12264 | F16: 12500 | J16: 12 | K16: Bulan/Tahun
A17: L.02 | B17: Tukang Besi | D17: Jam | E17: =E16 -> 12264 | F17: 12500 | J17: 52 | K17: Minggu/Tahun
A18: L.02 | B18: Tukang Cat | D18: Jam | E18: =E17 -> 12264 | F18: 12500 | J18: 40 | K18: jam/minggu
A19: L.02 | B19: Tukang Listrik | D19: Jam | E19: =E18 -> 12264 | F19: 12500 | J19: =J17/J16 -> 4.3333333 | K19: minggu/bulan
A20: L.03 | B20: Kepala Tukang | D20: Jam | E20: =E11/K7 -> 13286 | F20: 13500 | J20: =J18*J19 -> 173.33333 | K20: jam/bulan
A21: L.04 | B21: Mandor | D21: Jam | E21: =E12/K7 -> 15330 | F21: 15500 | J21: =ROUNDDOWN(J20,0) -> 173 | K21: Pembulatan (Jam/bulan) | N21: F

Sheet Harga Bahan
A1: DAFTAR HARGA SATUAN BAHAN BANGUNAN
A3: No | B3: JENIS BAHAN | C3: SATUAN | D3: HARGA | G3: KETERANGAN
A5: I | B5: BAHAN DASAR
A6: 1 | B6: Batu Kali Belah Ukuran 10/15 | C6: m3 | D6: 300000
A7: 2 | B7: Kerikil / Koral | C7: m3 | D7: 325000
A8: 3 | B8: Batu Bata Merah | C8: Bh | D8: 750
A9: 4 | B9: Pasir | C9: m3 | D9: 325000
A10: 5 | B10: Sirtu | C10: m3 | D10: 280000
A11: 6 | B11: Semen 40 kg/Zak | C11: Zak | D11: 45000 | E11: =D11/40 -> 1125 | F11: kg
A12: II | B12: BAHAN PENUTUP ATAP
A13: 1 | B13: Genteng (Tanah Liat) | C13: bh | D13: 3000
A14: 2 | B14: Nok kerpus (Tanah Liat) | C14: bh | D14: 7800
A15: 3 | B15: Seng Plat
B16: a. BJLS 0,18 lebar 55 cm | C16: m' | D16: 22500
B17: b. BJLS 0,20 lebar 55 cm | C17: m' | D17: 24300
B18: c. BJLS 0,28 lebar 55 cm | C18: m' | D18: 27000
B19: d. BJLS 0,30 lebar 55 cm | C19: m' | D19: 45000
A20: 4 | B20: Seng Gelombang
B21: a. BJLS 0,18 lebar 180 cm | C21: lbr | D21: 36000
B22: b. BJLS 0,20 lebar 180 cm | C22: lbr | D22: 40000
B23: c. BJLS 0,30 lebar 180 cm | C23: lbr | D23: 65000
B24: d. BJLS 0,40 lebar 180 cm | C24: lbr | D24: 58000
A25: III | B25: BAHAN KAYU
A26: 1 | B26: MERANTI
B27: a. Papan 3/20 (Panjang 4 m' / btg) | C27: m3 | D27: 4800000
B28: b. Balok 5/7 (Panjang 4 m' / btg) | C28: m3 | D28: 3000000
B29: c. Balok 6/12 (Panjang 4 m' / btg) | C29: m3 | D29: 3000000
A30: 2 | B30: DOLKEN
B31: a. Sedang 8 x 10 x 400 cm | C31: btg | D31: 22500
B32: b. Kecil 6 x 7 x 400 cm | C32: btg | D32: 20000
B33: c. Besar 10 x 12 x 400 cm | C33: btg | D33: 34000
B34: d. Kayu cetakan | C34: m3 | D34: 1890000
B35: e. Kayu bakar | C35: m3 | D35: 99000
B36: f. Bambu | C36: btg | D36: 15975
A37: IV | B37: BAHAN PENUTUP DINDING / LANTAI
A38: 1 | B38: Keramik
B39: a. 20 X 20 cm | C39: m2 | D39: 55000 | E39: =D39/26 -> 2115.3846 | F39: Buah
B40: b. 20 X 25 cm | C40: m2 | D40: 55000 | E40: =D40/26 -> 2115.3846 | F40: Buah
B41: c. 30 X 30 cm | C41: m2 | D41: 55000 | E41: =D41/8 -> 6875 | F41: Buah
B42: d. 40 X 40 cm | C42: m2 | D42: 55000 | E42: =D42/6 -> 9166.6667 | F42: Buah
B43: e. 60 X 60 cm | C43: m2 | D43: 55000
A44: 2 | B44: Batu Tempel Hitam | C44: m2 | D44: 115000
A45: 3 | B45: Granit Tile 60 cm x 60 cm | C45: m2 | D45: 240000 | E45: =D45/3 -> 80000 | F45: Buah
A46: 5 | B46: Semen Nat / Semen Warna | C46: kg | D46: 18000
A47: V | B47: BAHAN BESI
A48: 1 | B48: Besi beton | C48: kg | D48: 10500
A49: 2 | B49: Besi Plat Strip | C49: kg | D49: 13000
A50: 3 | B50: Besi Profil | C50: kg | D50: 12500
A51: 4 | B51: Kawat Bendrat | C51: kg | D51: 18000
A52: 5 | B52: Hollow Plafond Ukuran 40 x 40 tebal 2 mm (4m'/btg) | C52: btg | D52: 25000 | E52: =D52/4 -> 6250 | F52: m'
A53: VI | B53: BAHAN PIPA
A54: 1 | B54: Pipa PVC (Panjang 4m' / batang)
B55: a. 1/2" AW | C55: btg | D55: 19500 | E55: =D55/4 -> 4875 | F55: m'
B56: b. 3/4" AW | C56: btg | D56: 25000 | E56: =D56/4 -> 6250 | F56: m'
B57: c. 1" AW | C57: btg | D57: 31000 | E57: =D57/4 -> 7750 | F57: m'
B58: d. 1 1/4" AW | C58: btg | D58: 40000 | E58: =D58/4 -> 10000 | F58: m'
B59: e. 1 1/5" AW | C59: btg | D59: 46000 | E59: =D59/4 -> 11500 | F59: m'
B60: f. 2" AW | C60: btg | D60: 56000 | E60: =D60/4 -> 14000 | F60: m'
B61: g. 2 1/2" AW | C61: btg | D61: 81000 | E61: =D61/4 -> 20250 | F61: m'
B62: h. 3" AW | C62: btg | D62: 105000 | E62: =D62/4 -> 26250 | F62: m'
B63: i. 4" AW | C63: btg | D63: 180000 | E63: =D63/4 -> 45000 | F63: m'
B64: j. 1 1/4" D | C64: btg | D64: 27000 | E64: =D64/4 -> 6750 | F64: m'
B65: k. 1 1/5" D | C65: btg | D65: 28500 | E65: =D65/4 -> 7125 | F65: m'
B66: l. 2" D | C66: btg | D66: 41000 | E66: =D66/4 -> 10250 | F66: m'
... B69: o. 4" D | C69: btg | D69: 98000 | E69: =D69/4 -> 24500 | F69: m'
A70: VII | B70: BAHAN LANGIT - LANGIT
A71: 1 | B71: Gypsum tebal 9 mm | C71: lbr | D71: 62000
A72: 2 | B72: Kalsiboard tebal 6 mm | C72: lbr | D72: 64000
A73: 3 | B73: Tripleks dan Multipleks
B74: a. Triplek tebal 6 mm (Ukuran 120 cm X 240 cm) | C74: lbr | D74: 80000
B75: b. Multipleks tebal 9 mm (Ukuran 120 cm X 240 cm) | C75: lbr | D75: 115000
B76: c. Multipleks tebal 12 mm (Ukuran 120 cm X 240 cm) | C76: lbr | D76: 155000
A77: 4 | B77: List Gypsum (2m'/batang) | C77: btg | D77: 12000 | E77: =D77/2 -> 6000 | F77: m'
A78: VIII | B78: BAHAN FINISHING
A79: 1 | B79: Cat Kayu
B80: a. Dempul plamur | C80: kg | D80: 40000
B81: b. Amplas | C81: lbr | D81: 3000
B82: c. Cat Dasar | C82: kg | D82: 55000
B83: d. Cat Minyak (sekualitas Avian) | C83: kg | D83: 70000
B84: e. Kuas | C84: Buah | D84: 10000
A85: 2 | B85: Cat Tembok
B86: a. Plamir | C86: kg | D86: 26000
B87: b. Cat Sealer / Dasar Interior | C87: 5 kg | D87: 110000 | E87: =D87/5 -> 22000 | F87: kg
B88: c. Cat Sealer / Dasar Eksterior | C88: 5 kg | D88: 140000 | E88: =D88/5 -> 28000 | F88: kg
B89: d. Cat Tembok Interior (Sekualitas Dulux Catylac) | C89: 5 kg | D89: 125000 | E89: =D89/5 -> 25000 | F89: kg
B90: e. Cat Tembok eksterior (Sekualitas Dulux Catylac) | C90: 5 kg | D90: 180000 | E90: =D90/5 -> 36000 | F90: kg
A91: 3 | B91: Cat Besi
B92: a. Menie | C92: kg | D92: 19000
B93: b. Cat Dasar | C93: kg | D93: 52000
B94: c. Cat Biasa | C94: kg | D94: 64000
B95: d. Thinner | C95: ltr | D95: 18000
B96: e. Minyak Cat | C96: ltr | D96: 12000
A97: IX | B97: BAHAN KACA
A98: 1 | B98: POLOS
B99: a. 5 mm | C99: m2 | D99: 100000
B100: b. 8 mm | C100: m2 | D100: 120000
A101: 2 | B101: ES
B102: a. 3 mm | C102: m2 | D102: 95000
B103: b. 5 mm | C103: m2 | D103: 120000
A104: 3 | B104: RAY BAND
...

Sheet Harga Alat
A1: DAFTAR HARGA SATUAN DASAR ALAT
A3: =+Rekapitulasi!A4 -> PEKERJAAN | C3: =[5]Rekap!D4 -> : | D3: =+Rekapitulasi!D4 -> PEMBANGUNAN GEDUNG A (STRUKTUR DAN ARSITEKTUR)
A4: =+Rekapitulasi!A5 -> LOKASI | C4: =[5]Rekap!D5 -> : | D4: =+Rekapitulasi!D5 -> DINAS ABC
A5: =+Rekapitulasi!A6 -> KABUPATEN | C5: =[5]Rekap!D6 -> : | D5: =+Rekapitulasi!D6 -> MAJALENGKA
A6: =+Rekapitulasi!A7 -> TAHUN ANGGARAN | C6: =[5]Rekap!D7 -> : | D6: =+Rekapitulasi!D7 -> 2019
A8: NO | B8: URAIAN | E8: SATUAN | F8: HARGA | G8: KETERANGAN
F9: ( Rp. )
A10: 1 | B10: Asphalt Mixing Plant | E10: Jam | F10: 3250000
A11: =+A10+1 -> 2 | B11: Asphalt Sprayer | E11: Jam | F11: 22500
A12: =+A11+1 -> 3 | B12: Asphalt Finisher | E12: Jam | F12: 225000
A13: =+A12+1 -> 4 | B13: Air Compressor | E13: Jam | F13: 45000
A14: =+A13+1 -> 5 | B14: Wheel Loader | E14: Jam | F14: 185000
A15: =+A14+1 -> 6 | B15: Excavator | E15: Jam | F15: 30000
A16: =+A15+1 -> 7 | B16: Dump Truck, 8-10 m3 | E16: Jam | F16: 100000
A17: =+A16+1 -> 8 | B17: Dump Truck, 3-4 m3 | E17: Jam | F17: 90000
A18: =+A17+1 -> 9 | B18: Motor Grader (Termasuk Operator dan BBM) | E18: Jam | F18: 250000
A19: =+A18+1 -> 10 | B19: Tandem Roller (Termasuk Operator dan BBM) | E19: Jam | F19: 400000
A20: =+A19+1 -> 11 | B20: Pneumatic Tyre Roller | E20: Jam | F20: 200000
A21: =+A20+1 -> 12 | B21: Vibrator Roller | E21: Jam | F21: 195000
A22: =+A21+1 -> 13 | B22: Water Tank Truck | E22: Jam | F22: 300000
... A30: =+A29+1 -> 21 | B30: Concrete Paver | E30: Jam | F30: 300000
A31: 22 | B31: Baby roller | E31: Jam | F31: 550000

Sheet Analisa 
B1: DAFTAR ANALISA PEKERJAAN
B3: =+Rekapitulasi!A4 -> PEKERJAAN | D3: : | E3: =+Rekapitulasi!D4 -> PEMBANGUNAN GEDUNG A (STRUKTUR DAN ARSITEKTUR)
B4: =+Rekapitulasi!A5 -> LOKASI | D4: : | E4: =+Rekapitulasi!D5 -> DINAS ABC
B5: =+Rekapitulasi!A6 -> KABUPATEN | D5: : | E5: =+Rekapitulasi!D6 -> MAJALENGKA
B6: =+Rekapitulasi!A7 -> TAHUN ANGGARAN | D6: : | E6: =+Rekapitulasi!D7 -> 2019
B8: NO. | C8: SNI | D8: KODE | E8: KOEF. | F8: SAT. | G8: URAIAN PEKERJAAN | J8: HARGA | K8: JUMLAH
J9: BAHAN / UPAH | K9: HARGA
J10: ( Rp. ) | K10: ( Rp. )
B11: 1 | C11: A.2.2.1.4 | E11: 1 | F11: M' | G11: Pengukuran dan Pemasangan Bouwplank | K11: =+K24 -> 101200
F12: A | G12: TENAGA | K12: =SUM(K13:K16) -> 18000
D13: L.01 | E13: 0.1 | F13: OH | G13: Pekerja | J13: ='Analisa Upah'!F5 -> 75000 | K13: =+E13*J13 -> 7500
D14: L.02 | E14: 0.1 | F14: OH | G14: Tukang Kayu | J14: ='Analisa Upah'!F6 -> 90000 | K14: =+E14*J14 -> 9000
D15: L.03 | E15: 0.01 | F15: OH | G15: Kepala Tukang | J15: ='Analisa Upah'!F11 -> 95000 | K15: =+E15*J15 -> 950
D16: L.04 | E16: 0.005 | F16: OH | G16: Mandor | J16: ='Analisa Upah'!F12 -> 110000 | K16: =+E16*J16 -> 550
F17: B | G17: BAHAN | K17: =SUM(K18:K20) -> 70000
E18: 0.012 | F18: M3 | G18: Kayu Balok 5/7 | J18: ='Harga Bahan'!D28 -> 3000000 | K18: =+E18*J18 -> 36000
E19: 0.02 | F19: Kg | G19: Paku 2"- 3" | J19: ='Harga Bahan'!D117 -> 20000 | K19: =+E19*J19 -> 400
E20: 0.007 | F20: M3 | G20: Kayu Papan 3/20 | J20: ='Harga Bahan'!D27 -> 4800000 | K20: =+E20*J20 -> 33600
F21: C | G21: PERALATAN | K21: 0
F22: D | G22: Jumlah A + B + C | K22: =+K12+K17+K21 -> 88000
F23: E | G23: Overhead & Profit | I23: 0.15 | K23: =+I23*K22 -> 13200
F24: F | G24: Harga Satuan Pekerjaan ( D + E ) | K24: =+K22+K23 -> 101200
B25: 2 | C25: A.2.2.1.9 | E25: 1 | F25: M2 | G25: Membersihkan Lapangan dan Perataan | K25: =+K33 -> 14950
F26: A | G26: TENAGA | K26: =SUM(K27:K28) -> 13000
D27: L.01 | E27: 0.1 | F27: OH | G27: Pekerja | J27: ='Analisa Upah'!F5 -> 75000 | K27: =+E27*J27 -> 7500
D28: L.04 | E28: 0.05 | F28: OH | G28: Mandor | J28: ='Analisa Upah'!F12 -> 110000 | K28: =+E28*J28 -> 5500
F29: B | G29: BAHAN | K29: 0
F30: C | G30: PERALATAN | K30: 0
F31: D | G31: Jumlah A + B + C | K31: =+K26+K29+K30 -> 13000
F32: E | G32: Overhead & Profit | I32: 0.15 | K32: =+I32*K31 -> 1950
F33: F | G33: Harga Satuan Pekerjaan ( D + E ) | K33: =+K31+K32 -> 14950
B34: 3 | C34: A.2.3.1.1 | E34: 1 | F34: M3 | G34: Menggali Tanah Biasa sedalam 1 M | K34: =+K42 -> 67850
F35: A | G35: TENAGA | K35: =SUM(K36:K37) -> 59000
D36: L.01 | E36: 0.75 | F36: OH | G36: Pekerja | J36: ='Analisa Upah'!F5 -> 75000 | K36: =+E36*J36 -> 56250
D37: L.04 | E37: 0.025 | F37: OH | G37: Mandor | J37: ='Analisa Upah'!F12 -> 110000 | K37: =+E37*J37 -> 2750
F38: B | G38: BAHAN | K38: 0
F39: C | G39: PERALATAN | K39: 0
F40: D | G40: Jumlah A + B + C | K40: =+K35+K38+K39 -> 59000
F41: E | G41: Overhead & Profit | I41: 0.15 | K41: =+I41*K40 -> 8850
F42: F | G42: Harga Satuan Pekerjaan ( D + E ) | K42: =+K40+K41 -> 67850
B43: 4 | C43: A.2.3.1.2 | E43: 1 | F43: M3 | G43: Menggali Tanah Biasa sedalam 2 M | K43: =+K51 -> 83317.5
F44: A | G44: TENAGA | K44: =SUM(K45:K46) -> 72450
D45: L.01 | E45: 0.9 | F45: OH | G45: Pekerja | J45: ='Analisa Upah'!F5 -> 75000 | K45: =+E45*J45 -> 67500
D46: L.04 | E46: 0.045 | F46: OH | G46: Mandor | J46: ='Analisa Upah'!F12 -> 110000 | K46: =+E46*J46 -> 4950
F47: B | G47: BAHAN | K47: 0
F48: C | G48: PERALATAN | K48: 0
F49: D | G49: Jumlah A + B + C | K49: =+K44+K47+K48 -> 72450
F50: E | G50: Overhead & Profit | I50: 0.15 | K50: =+I50*K49 -> 10867.5
F51: F | G51: Harga Satuan Pekerjaan ( D + E ) | K51: =+K49+K50 -> 83317.5
B52: 5 | C52: A.2.3.1.9 | E52: 1 | F52: M3 | G52: Pengurugan Kembali | K52: =+K61/3 -> 16483.333
G53: (di hitung dari 1/3 kali koefisien Pekerjaan galian)
F54: A | G54: TENAGA | K54: =SUM(K55:K56) -> 43000
D55: L.01 | E55: 0.5 | F55: OH | G55: Pekerja | J55: ='Analisa Upah'!F5 -> 75000 | K55: =+E55*J55 -> 37500
D56: L.04 | E56: 0.05 | F56: OH | G56: Mandor | J56: ='Analisa Upah'!F12 -> 110000 | K56: =+E56*J56 -> 5500
F57: B | G57: BAHAN
F58: C | G58: PERALATAN
F59: D | G59: Jumlah A + B + C | K59: =+K54+K57+K58 -> 43000
F60: E | G60: Overhead & Profit | I60: 0.15 | K60: =+I60*K59 -> 6450
F61: F | G61: Harga Satuan Pekerjaan ( D + E ) | K61: =+K59+K60 -> 49450
B62: 6 | C62: A.2.3.1.11 | E62: 1 | F62: M3 | G62: Urugan Pasir bawah Pasangan / lantai | K62: =+K71 -> 475640
F63: A | G63: TENAGA | K63: =SUM(K64:K65) -> 23600
D64: L.01 | E64: 0.3 | F64: OH | G64: Pekerja | J64: ='Analisa Upah'!F5 -> 75000 | K64: =+E64*J64 -> 22500
D65: L.04 | E65: 0.01 | F65: OH | G65: Mandor | J65: ='Analisa Upah'!F12 -> 110000 | K65: =+E65*J65 -> 1100
F66: B | G66: BAHAN | K66: =SUM(K67:K67) -> 390000
E67: 1.2 | F67: m3 | G67: Pasir Urug | J67: ='Harga Bahan'!D9 -> 325000 | K67: =+E67*J67 -> 390000
F68: C | G68: PERALATAN | K68: 0
F69: D | G69: Jumlah A + B + C | K69: =+K63+K66+K68 -> 413600
F70: E | G70: Overhead & Profit | I70: 0.15 | K70: =+I70*K69 -> 62040
F71: F | G71: Harga Satuan Pekerjaan ( D + E ) | K71: =+K69+K70 -> 475640
B72: 7 | C72: A.3.2.1.2 | E72: 1 | F72: M3 | G72: Pemasangan Pondasi Batu Belah 1SP : 4 PP | K72: =+K85 -> 1043912.5
F73: A | G73: Tenaga | K73: =SUM(K74:K77) -> 195375
D74: L.01 | E74: 1.5 | F74: OH | G74: Pekerja | J74: ='Analisa Upah'!F5 -> 75000 | K74: =ROUND(J74*E74,2) -> 112500
D75: L.02 | E75: 0.75 | F75: OH | G75: Tukang Batu | J75: ='Analisa Upah'!F7 -> 90000 | K75: =ROUND(J75*E75,2) -> 67500
D76: L.03 | E76: 0.075 | F76: OH | G76: Kepala Tukang | J76: ='Analisa Upah'!F11 -> 95000 | K76: =ROUND(J76*E76,2) -> 7125
D77: L.04 | E77: 0.075 | F77: OH | G77: Mandor | J77: ='Analisa Upah'!F12 -> 110000 | K77: =ROUND(J77*E77,2) -> 8250
F78: B | G78: Bahan | K78: =SUM(K79:K81) -> 712375
E79: 1.2 | F79: m3 | G79: Batu Belah | J79: ='Harga Bahan'!D6 -> 300000 | K79: =ROUND(J79*E79,2) -> 360000
E80: 163 | F80: kg | G80: Portland Sement | J80: ='Harga Bahan'!E11 -> 1125 | K80: =ROUND(J80*E80,2) -> 183375
E81: 0.52 | F81: m3 | G81: Pasir Pasang | J81: ='Harga Bahan'!D9 -> 325000 | K81: =ROUND(J81*E81,2) -> 169000
F82: C | G82: PERALATAN | K82: 0
F83: D | G83: Jumlah A + B + C | K83: =+K82+K78+K73 -> 907750
F84: E | G84: Overhead & Profit | I84: 0.15 | K84: =+I84*K83 -> 136162.5
F85: F | G85: Harga Satuan Pekerjaan (D+E) | K85: =+K83+K84 -> 1043912.5
B86: 8 | C86: A.4.1.1.4 | E86: 1 | F86: M3 | G86: Membuat Lantai Kerja Beton mutu f'c=7,4 Mpa (K100), | K86: =+K101 -> 901784
G87: slum (3-6) cm, w/c = 0,87
F88: A | G88: Tenaga | K88: =SUM(K89:K92) -> 110560
D89: L.01 | E89: 1.2 | F89: OH | G89: Pekerja | J89: ='Analisa Upah'!F5 -> 75000 | K89: =ROUND(J89*E89,2) -> 90000
D90: L.02 | E90: 0.2 | F90: OH | G90: Tukang Batu | J90: ='Analisa Upah'!F7 -> 90000 | K90: =ROUND(J90*E90,2) -> 18000
D91: L.03 | E91: 0.02 | F91: OH | G91: Kepala Tukang | J91: ='Analisa Upah'!F11 -> 95000 | K91: =ROUND(J91*E91,2) -> 1900
D92: L.04 | E92: 0.006 | F92: OH | G92: Mandor | J92: ='Analisa Upah'!F12 -> 110000 | K92: =ROUND(J92*E92,2) -> 660
F93: B | G93: Bahan | K93: =SUM(K94:K97) -> 673600
E94: 230 | F94: Kg | G94: Portland Semen | J94: ='Harga Bahan'!E11 -> 1125 | K94: =ROUND(J94*E94,2) -> 258750
E95: 0.558 | F95: M3 | G95: Pasir Beton | J95: ='Harga Bahan'!D9 -> 325000 | K95: =ROUND(J95*E95,2) -> 181350
E96: 0.708 | F96: M3 | G96: Kerikil ( maksimum 30 mm ) | J96: ='Harga Bahan'!D7 -> 325000 | K96: =ROUND(J96*E96,2) -> 230100
E97: 200 | F97: ltr | G97: Air | J97: ='Harga Bahan'!E134 -> 17 | K97: =ROUND(J97*E97,2) -> 3400
F98: C | G98: PERALATAN
F99: D | G99: Jumlah A + B + C | K99: =+K98+K93+K88 -> 784160
F100: E | G100: Overhead & Profit | I100: 0.15 | K100: =+I100*K99 -> 117624
F101: F | G101: Harga Satuan Pekerjaan (D+E) | K101: =+K100+K99 -> 901784
B102: 9 | C102: A.4.1.1.8 | E102: 1 | F102: M3 | G102: Membuat Beton mutu f'c=21,7 MPa (K250), | K102: =+K117 -> 1115149.2
...

Sheet RAP
A1: RENCANA ANGGARAN PELAKSANAAN (RAP) PROYEK
A3: PEKERJAAN | C3: : | D3: =RAB!D3 -> PEMBANGUNAN GEDUNG A (STRUKTUR DAN ARSITEKTUR)
A4: =+Rekapitulasi!A5 -> LOKASI | C4: : | D4: =+Rekapitulasi!D5 -> DINAS ABC
A5: =+Rekapitulasi!A6 -> KABUPATEN | C5: : | D5: =+Rekapitulasi!D6 -> MAJALENGKA
A6: =+Rekapitulasi!A7 -> TAHUN ANGGARAN | C6: : | D6: =+Rekapitulasi!D7 -> 2019
A8: DURASI WAKTU | C8: : | D8: 90 HARI
A9: PERIODE | C9: : | D9: SEPTEMBER S/D DESEMBER 2019
A11: Catatan :
B12: dihitung baru menggunakan rumus
A13: NO | B13: URAIAN PEKERJAAN | E13: VOL. | F13: SAT. | G13: RENCANA ANGGARAN BIAYA (RAB) | I13: BOBOT NILAI | J13: DURASI | K13: RAP - (UPAH TENAGA HARIAN) | BN13: RAP - (UPAH TENAGA BORONGAN) | BS13: RAP - (UPAH TENAGA + MATERIAL BORONGAN)
K14: TENAGA | S14: MATERIAL / BAHAN | BI14: Alat / Peralatan | BK14: TOTAL RAP | BL14: PROFIT DAN OVERHEAD | BM14: %PROFIT DAN OVERHEAD | BN14: Harga Borongan Jasa (Tenaga) | BO14: Total Harga Borongan Jasa (Tenaga) | BP14: TOTAL RAP | BQ14: PROFIT DAN OVERHEAD | BR14: %PROFIT DAN OVERHEAD | BS14: Harga Borongan (Tenaga + Material) | BT14: Total Harga Borongan (Tenaga + Material) | BU14: TOTAL RAP | BV14: PROFIT DAN OVERHEAD | BW14: %PROFIT DAN OVERHEAD
G15: HARGA SATUAN | H15: JUMLAH HARGA | K15: Pekerja | L15: Tukang Kayu | M15: Tukang Batu | N15: Tukang Besi | O15: Tukang Cat | P15: Tukang Listrik | Q15: Kepala Tukang | R15: Mandor | S15: Kaso 5/7 | T15: Balok 6/12 | U15: Dolken D 8 cm | V15: Papan 3/20 | W15: Multiplek 9 mm | X15: Gypsum 9 mm | Y15: Bata Merah | Z15: Pasir | AA15: Kerikil | AB15: Batu Belah 15/20 | AC15: Semen | AD15: Air | AE15: Besi | AF15: Hollow 40x40 | AG15: Hollow 20x40 | AH15: Baja Gording | AI15: Baja WF | AJ15: Kusen Alumunium | AK15: Profil Almunium Jendela / Pintu | AL15: Profil Alumunium Kaca | AM15: Alumunium Strip | AN15: Kaca Bening 5 mm | AO15: Kaca Es 5 mm | AP15: Sealant | AQ15: Kawat Bendrat | AR15: Cat Meni Besi | AS15: Atap Seng Gelombang | AT15: Seng Plat | AU15: Minyak Bekisting | AV15: Paku Sekrup Baja | AW15: Paku Sekrup Gypsum | AX15: Sekrup Alumunium | AY15: Paku 1''-5" | AZ15: Plamir | BA15: Sealer Interior | BB15: Sealer Eksterior | BC15: Cat Interior Dinding | BD15: Cat Interior Plafond | BE15: Cat Eksterior Dinding | BF15: Semen Nat | BG15: Keramik 20x20 | BH15: Granite 60 x 60 | BI15: Mobilisasi dan Demobilisasi | BJ15: Sewa Molen Cor
G16: Rp | H16: Rp | I16: % | J16: Hari | K16: OH | L16: OH | M16: OH | N16: OH | O16: OH | P16: OH | Q16: OH | R16: OH | S16: M3 | T16: M3 | U16: btg | V16: M3 | W16: Lembar | X16: Lembar | Y16: Buah | Z16: M3 | AA16: M3 | AB16: M3 | AC16: Zak | AD16: Ltr | AE16: Kg | AF16: btg | AG16: btg | AH16: Kg | AI16: Kg | AJ16: btg | AK16: btg | AL16: btg | AM16: btg | AN16: m2 | AO16: m2 | AP16: Tube | AQ16: kg | AR16: Kg | AS16: Lbr | AT16: Lbr | AU16: ltr | AV16: Kg | AW16: Kg | AX16: bh | AY16: Kg | AZ16: Kg | BA16: 25 kg/Pail | BB16: 25 kg/Pail | BC16: 25 kg/Pail | BD16: 25 kg/Pail | BE16: 25 kg/Pail | BF16: 1 Kg / Bks | BG16: Dus | BH16: Dus | BI16: Ls | BJ16: Hari | BK16: Rp | BL16: Rp | BM16: % | BN16: Rp | BO16: Rp | BP16: Rp | BQ16: Rp | BR16: % | BS16: Rp | BT16: Rp | BU16: Rp | BV16: Rp | BW16: %
A17: A | B17: B | E17: C | F17: D | G17: E | H17: F = C x E | I17: G = F / Total Seluruh x 100 | J17: H | K17: J | L17: K | M17: L | N17: M | O17: N | P17: O | Q17: P | R17: Q | S17: R | T17: S | U17: T | V17: U | W17: V | X17: W | Y17: X | Z17: Y | AA17: Z | AB17: AA | AC17: AB | AD17: AC | AE17: AD | AF17: AE | AG17: AF | AH17: AG | AI17: AH | AJ17: AI | AK17: AJ | AL17: AK | AM17: AL | AN17: AM | AO17: AN | AP17: AO | AQ17: AP | AR17: AQ | AS17: AR | AT17: AS | AU17: AT | AV17: AU | AW17: AV | AX17: AW | AY17: AX | AZ17: AY | BA17: AZ | BB17: BA | BC17: BB | BD17: BC | BE17: BD | BF17: BE | BG17: BF | BH17: BG | BI17: BH | BJ17: BI | BK17: BJ | BL17: BK | BM17: BL | BN17: BM | BO17: BN = BM x C | BP17: BO | BQ17: BP | BR17: BQ | BS17: BR | BT17: BS = BR x C | BU17: BT | BV17: BU | BW17: BV
A18: I | B18: PEKERJAAN PERSIAPAN
A19: 1 | B19: Pengukuran dan Pemasangan Bouwplank | E19: 126.61 | F19: M' | G19: ='Analisa '!K11 -> 101200 | H19: =ROUND(E19*G19,2) -> 12812932 | I19: =H19/$H$86*100 -> 0.94370288 | J19: ='Analisa RAP I'!K15 -> 2 | K19: ='Analisa RAP I'!O16 -> 6 | L19: ='Analisa RAP I'!O17 -> 6 | M19: 0 | N19: 0 | O19: 0 | P19: 0 | Q19: ='Analisa RAP I'!O18 -> 0 | R19: ='Analisa RAP I'!O19 -> 1 | S19: ='Analisa RAP I'!O21 -> 1.5 | T19: 0 | U19: 0 | V19: ='Analisa RAP I'!O23 -> 1 | AY19: ='Analisa RAP I'!O22 -> 2.5 | BI19: 0 | BK19: ='Analisa RAP I'!U15 -> 11470000 | BL19: ='Analisa RAP I'!W15 -> 1342932 | BM19: ='Analisa RAP I'!X15 -> 10.481067 | BN19: ='Analisa RAP I'!Z15 -> 16000 | BO19: =E19*BN19 -> 2025760 | BP19: ='Analisa RAP I'!AC15 -> 11375760 | BQ19: ='Analisa RAP I'!AD15 -> 1437172 | BR19: ='Analisa RAP I'!AE15 -> 11.216574 | BS19: ='Analisa RAP I'!AG15 -> 90000 | BT19: =E19*BS19 -> 11394900 | BU19: ='Analisa RAP I'!AJ15 -> 11394900 | BV19: ='Analisa RAP I'!AK15 -> 1418032 | BW19: ='Analisa RAP I'!AL15 -> 11.067194
A20: 2 | B20: Pembersihan Lapangan dan Perataan | E20: 180 | F20: M2 | G20: ='Analisa '!K25 -> 14950 | H20: =ROUND(E20*G20,2) -> 2691000 | I20: =H20/$H$86*100 -> 0.19819854 | J20: ='Analisa RAP I'!K35 -> 3 | K20: ='Analisa RAP I'!O36 -> 6 | L20: 0 | M20: 0 | N20: 0 | O20: 0 | P20: 0 | Q20: 0 | R20: ='Analisa RAP I'!O37 -> 1 | S20: 0 | T20: 0 | U20: 0 | V20: 0 | AY20: 0 | BI20: 0 | BK20: ='Analisa RAP I'!U35 -> 1650000 | BL20: ='Analisa RAP I'!W35 -> 1041000 | BM20: ='Analisa RAP I'!X35 -> 38.684504 | BN20: ='Analisa RAP I'!Z35 -> 9000 | BO20: =E20*BN20 -> 1620000 | BP20: ='Analisa RAP I'!AC35 -> 1620000 | BQ20: ='Analisa RAP I'!AD35 -> 1071000 | BR20: ='Analisa RAP I'!AE35 -> 39.799331 | BS20: ='Analisa RAP I'!AG35 -> 9000 | BT20: =E20*BS20 -> 1620000 | BU20: ='Analisa RAP I'!AJ35 -> 1620000 | BV20: ='Analisa RAP I'!AK35 -> 1071000 | BW20: ='Analisa RAP I'!AL35 -> 39.799331
A21: 3 | B21: Mobilisasi dan Demobilisasi Alat | E21: 1 | F21: Ls | G21: 15000000 | H21: =ROUND(E21*G21,2) -> 15000000 | I21: =H21/$H$86*100 -> 1.1047856 | J21: ='Analisa RAP I'!K54 -> 4 | K21: 0 | L21: 0 | M21: 0 | N21: 0 | O21: 0 | P21: 0 | Q21: 0 | R21: 0 | S21: 0 | T21: 0 | U21: 0 | V21: 0 | AY21: 0 | BI21: 1 | BK21: ='Analisa RAP I'!U54 -> 15000000 | BL21: ='Analisa RAP I'!W54 -> 0 | BM21: ='Analisa RAP I'!X54 -> 0 | BN21: ='Analisa RAP I'!Z54 -> 15000000 | BO21: =E21*BN21 -> 15000000 | BP21: ='Analisa RAP I'!AC54 -> 15000000 | BQ21: ='Analisa RAP I'!AD54 -> 0 | BR21: ='Analisa RAP I'!AE54 -> 0 | BS21: ='Analisa RAP I'!AG54 -> 15000000 | BT21: =E21*BS21 -> 15000000 | BU21: ='Analisa RAP I'!AJ54 -> 15000000 | BV21: ='Analisa RAP I'!AK54 -> 0 | BW21: ='Analisa RAP I'!AL54 -> 0
A22: SUB TOTAL I | H22: =SUM(H19:H21) -> 30503932 | I22: =SUM(I19:I21) -> 2.2466871 | J22: - | K22: =SUM(K19:K21) -> 12 | L22: =SUM(L19:L21) -> 6 | M22: =SUM(M19:M21) -> 0 | N22: =SUM(N19:N21) -> 0 | O22: =SUM(O19:O21) -> 0 | P22: =SUM(P19:P21) -> 0 | Q22: =SUM(Q19:Q21) -> 0 | R22: =SUM(R19:R21) -> 2 | ... BL22: =SUM(BL19:BL21) -> 2383932 | BM22: =BL22/H22*100 -> 7.815163 | BN22: 0 | BO22: =SUM(BO19:BO21) -> 18645760 | BP22: =SUM(BP19:BP21) -> 27995760 | BQ22: =SUM(BQ19:BQ21) -> 2508172 | BR22: =BQ22/H22*100 -> 8.2224547 | BS22: 0 | BT22: =SUM(BT19:BT21) -> 28014900 | BU22: =SUM(BU19:BU21) -> 28014900 | BV22: =SUM(BV19:BV21) -> 2489032 | BW22: =BV22/H22*100 -> 8.1597087
A23: II | B23: PEKERJAAN TANAH
A24: 1 | B24: Galian Tanah Biasa 1 m | E24: 40 | F24: M3 | G24: ='Analisa '!K34 -> 67850 | H24: =ROUND(E24*G24,2) -> 2714000 | I24: =H24/$H$86*100 -> 0.19989255 | J24: ='Analisa RAP II'!K15 -> 3 | K24: ='Analisa RAP II'!O16 -> 10 | L24: 0 | M24: 0 | N24: 0 | O24: 0 | P24: 0 | Q24: 0 | R24: ='Analisa RAP II'!O17 -> 1 | S24: 0 | V24: 0 | AY24: 0 | BI24: 0 | BK24: ='Analisa RAP II'!U15 -> 2550000 | BL24: ='Analisa RAP II'!W15 -> 164000 | BM24: ='Analisa RAP II'!X15 -> 6.0427413 | BN24: ='Analisa RAP II'!Z15 -> 60000 | BO24: =E24*BN24 -> 2400000 | BP24: ='Analisa RAP II'!AC15 -> 2400000 | BQ24: ='Analisa RAP II'!AD15 -> 314000 | BR24: ='Analisa RAP II'!AE15 -> 11.569639 | BS24: ='Analisa RAP II'!AG15 -> 60000 | BT24: =E24*BS24 -> 2400000 | BU24: ='Analisa RAP II'!AJ15 -> 2400000 | BV24: ='Analisa RAP II'!AK15 -> 314000 | BW24: ='Analisa RAP II'!AL15 -> 11.569639
A25: =+A24+1 -> 2 | B25: Galian Tanah Biasa 2 m | E25: 28 | F25: M3 | G25: ='Analisa '!K43 -> 83317.5 | H25: =ROUND(E25*G25,2) -> 2332890 | I25: =H25/$H$86*100 -> 0.17182289 | J25: ='Analisa RAP II'!K34 -> 4 | K25: ='Analisa RAP II'!O35 -> 6 | L25: 0 | M25: 0 | N25: 0 | O25: 0 | P25: 0 | Q25: 0 | R25: ='Analisa RAP II'!O36 -> 1 | S25: 0 | V25: 0 | AY25: 0 | BI25: 0 | BK25: ='Analisa RAP II'!U34 -> 2200000 | BL25: ='Analisa RAP II'!W34 -> 132890 | BM25: ='Analisa RAP II'!X34 -> 5.696368 | BN25: ='Analisa RAP II'!Z34 -> 60000 | BO25: =E25*BN25 -> 1680000 | BP25: ='Analisa RAP II'!AC34 -> 1680000 | BQ25: ='Analisa RAP II'!AD34 -> 652890 | BR25: ='Analisa RAP II'!AE34 -> 27.986317 | BS25: ='Analisa RAP II'!AG34 -> 60000 | BT25: =E25*BS25 -> 1680000 | BU25: ='Analisa RAP II'!AJ34 -> 1680000 | BV25: ='Analisa RAP II'!AK34 -> 652890 | BW25: ='Analisa RAP II'!AL34 -> 27.986317
A26: 3 | B26: Urugan Tanah Kembali | E26: 16 | F26: M3 | G26: ='Analisa '!K52 -> 16483.333 | H26: =ROUND(E26*G26,2) -> 263733.33 | I26: =H26/$H$86*100 -> 0.019424586 | J26: ='Analisa RAP II'!K54 -> 1 | K26: ='Analisa RAP II'!O55 -> 2 | L26: 0 | M26: 0 | N26: 0 | O26: 0 | P26: 0 | Q26: 0 | R26: ='Analisa RAP II'!O56 -> 1 | S26: 0 | V26: 0 | AY26: 0 | BI26: 0 | BK26: ='Analisa RAP II'!U54 -> 250000 | BL26: ='Analisa RAP II'!W54 -> 13733.33 | BM26: ='Analisa RAP II'!X54 -> 5.2072789 | BN26: ='Analisa RAP II'!Z54 -> 15000 | BO26: =E26*BN26 -> 240000 | BP26: ='Analisa RAP II'!AC54 -> 240000 | BQ26: ='Analisa RAP II'!AD54 -> 23733.33 | BR26: ='Analisa RAP II'!AE54 -> 8.9989877 | BS26: ='Analisa RAP II'!AG54 -> 15000 | BT26: =E26*BS26 -> 240000 | BU26: ='Analisa RAP II'!AJ54 -> 240000 | BV26: ='Analisa RAP II'!AK54 -> 23733.33 | BW26: ='Analisa RAP II'!AL54 -> 8.9989877
A27: 4 | B27: Urugan Pasir Bawah Pondasi dan Sloof | E27: 8.76 | F27: M3 | G27: ='Analisa '!K62 -> 475640 | H27: =ROUND(E27*G27,2) -> 4166606.4 | I27: =H27/$H$86*100 -> 0.30688046 | J27: ='Analisa RAP II'!K73 -> 1 | K27: ='Analisa RAP II'!O74 -> 3 | L27: 0 | M27: 0 | N27: 0 | O27: 0 | P27: 0 | Q27: 0 | R27: ='Analisa RAP II'!O75 -> 1 | S27: 0 | V27: 0 | Z27: ='Analisa RAP II'!O77 -> 10.5 | AA27: 0 | AB27: 0 | AC27: 0 | AY27: 0 | BI27: 0 | BJ27: 0 | BK27: ='Analisa RAP II'!U73 -> 3737500 | BL27: ='Analisa RAP II'!W73 -> 429106.4 | BM27: ='Analisa RAP II'!X73 -> 10.298703 | BN27: ='Analisa RAP II'!Z73 -> 32500 | BO27: =E27*BN27 -> 284700 | BP27: ='Analisa RAP II'!AC73 -> 3697200 | BQ27: ='Analisa RAP II'!AD73 -> 469406.4 | BR27: ='Analisa RAP II'!AE73 -> 11.265917 | BS27: ='Analisa RAP II'!AG73 -> 420000 | BT27: =E27*BS27 -> 3679200 | BU27: ='Analisa RAP II'!AJ73 -> 3679200 | BV27: ='Analisa RAP II'!AK73 -> 487406.4 | BW27: ='Analisa RAP II'!AL73 -> 11.697923
A28: 5 | B28: Urugan Pasir Bawah Lantai | E28: 10 | F28: M3 | G28: ='Analisa '!K62 -> 475640 | H28: =ROUND(E28*G28,2) -> 4756400 | I28: =H28/$H$86*100 -> 0.35032016 | J28: ='Analisa RAP II'!K92 -> 1 | K28: ='Analisa RAP II'!O93 -> 3 | L28: 0 | M28: 0 | N28: 0 | O28: 0 | P28: 0 | Q28: 0 | R28: ='Analisa RAP II'!O94 -> 1 | S28: 0 | V28: 0 | Z28: ='Analisa RAP II'!O96 -> 12 | AA28: 0 | AB28: 0 | AC28: 0 | AY28: 0 | BI28: 0 | BJ28: 0 | BK28: ='Analisa RAP II'!U92 -> 4225000 | BL28: ='Analisa RAP II'!W92 -> 531400 | BM28: ='Analisa RAP II'!X92 -> 11.172315 | BN28: ='Analisa RAP II'!Z92 -> 32500 | BO28: =E28*BN28 -> 325000 | BP28: ='Analisa RAP II'!AC92 -> 4225000 | BQ28: ='Analisa RAP II'!AD92 -> 531400 | BR28: ='Analisa RAP II'!AE92 -> 11.172315 | BS28: ='Analisa RAP II'!AG92 -> 420000 | BT28: =E28*BS28 -> 4200000 | BU28: ='Analisa RAP II'!AJ92 -> 4200000 | BV28: ='Analisa RAP II'!AK92 -> 556400 | BW28: ='Analisa RAP II'!AL92 -> 11.697923
A29: SUB TOTAL II | H29: =SUM(H24:H28) -> 14233630 | I29: =SUM(I24:I28) -> 1.0483406 | J29: 0 | K29: =SUM(K24:K28) -> 24 | L29: =SUM(L24:L28) -> 0 | M29: =SUM(M24:M28) -> 0 | N29: =SUM(N24:N28) -> 0 | O29: =SUM(O24:O28) -> 0 | P29: =SUM(P24:P28) -> 0 | Q29: =SUM(Q24:Q28) -> 0 | R29: =SUM(R24:R28) -> 5 | ... BL29: =SUM(BL24:BL28) -> 1271129.7 | BM29: =BL29/H29*100 -> 8.9304679 | BN29: 0 | BO29: =SUM(BO24:BO28) -> 4929700 | BP29: =SUM(BP24:BP28) -> 12242200 | BQ29: =SUM(BQ24:BQ28) -> 1991429.7 | BR29: =BQ29/H29*100 -> 13.991018 | BS29: 0 | BT29: =SUM(BT24:BT28) -> 12199200 | BU29: =SUM(BU24:BU28) -> 12199200 | BV29: =SUM(BV24:BV28) -> 2034429.7 | BW29: =BV29/H29*100 -> 14.29312
A30: III | B30: PEKERJAAN PONDASI
A31: 1 | B31: Pasangan Batu Belah 1Pc : 4Ps | E31: 48.9 | F31: M3 | G31: ='Analisa '!K72 -> 1043912.5 | H31: =+G31*E31 -> 51047321 | I31: =H31/$H$86*100 -> 3.7597565 | J31: ='Analisa RAP III'!K16 -> 4 | K31: ='Analisa RAP III'!O17 -> 18 | L31: 0 | M31: ='Analisa RAP III'!O18 -> 9 | N31: 0 | O31: 0 | P31: 0 | Q31: 0 | R31: ='Analisa RAP III'!O20 -> 1 | S31: 0 | V31: 0 | Z31: ='Analisa RAP III'!O24 -> 25.5 | AA31: 0 | AB31: ='Analisa RAP III'!O22 -> 59 | AC31: ='Analisa RAP III'!O23 -> 200 | AY31: 0 | BI31: 0 | BJ31: 0 | BK31: ='Analisa RAP III'!U16 -> 43847500 | BL31: ='Analisa RAP III'!W16 -> 7199821.2 | BM31: ='Analisa RAP III'!X16 -> 14.10421 | BN31: ='Analisa RAP III'!Z16 -> 180000 | BO31: =E31*BN31 -> 8802000 | BP31: ='Analisa RAP III'!AC16 -> 43789500 | BQ31: ='Analisa RAP III'!AD16 -> 7257821.2 | BR31: ='Analisa RAP III'!AE16 -> 14.21783 | BS31: ='Analisa RAP III'!AG16 -> 875000 | BT31: =E31*BS31 -> 42787500 | BU31: ='Analisa RAP III'!AJ16 -> 42787500 | BV31: ='Analisa RAP III'!AK16 -> 8259821.2 | BW31: ='Analisa RAP III'!AL16 -> 16.180714
A32: SUB TOTAL III | H32: =SUM(H31:H31) -> 51047321 | I32: =SUM(I31:I31) -> 3.7597565 | J32: 0 | K32: =SUM(K31:K31) -> 18 | L32: =SUM(L31:L31) -> 0 | M32: =SUM(M31:M31) -> 9 | N32: =SUM(N31:N31) -> 0 | O32: =SUM(O31:O31) -> 0 | P32: =SUM(P31:P31) -> 0 | Q32: =SUM(Q31:Q31) -> 0 | R32: =SUM(R31:R31) -> 1 | ... BL32: =SUM(BL31:BL31) -> 7199821.2 | BM32: =BL32/H32*100 -> 14.10421 | BN32: 0 | BO32: =SUM(BO31) -> 8802000 | BP32: =SUM(BP31:BP31) -> 43789500 | BQ32: =SUM(BQ31:BQ31) -> 7257821.2 | BR32: =BQ32/H32*100 -> 14.21783 | BS32: 0 | BT32: =SUM(BT31) -> 42787500 | BU32: =SUM(BU31:BU31) -> 42787500 | BV32: =SUM(BV31:BV31) -> 8259821.2 | BW32: =BV32/H32*100 -> 16.180714
A33: IV | B33: PEKERJAAN BETON
A34: 1 | B34: Lantai Kerja (Rabat Beton) dibawah Foot Plat T=10 cm | E34: 4.2 | F34: M3 | G34: ='Analisa '!K86 -> 901784 | H34: =ROUND(E34*G34,2) -> 3787492.8 | I34: =H34/$H$86*100 -> 0.27895784 | J34: ='Analisa RAP IV'!K18 -> 1 | K34: ='Analisa RAP IV'!O19 -> 5 | L34: 0 | M34: ='Analisa RAP IV'!O20 -> 1 | N34: 0 | O34: 0 | P34: 0 | Q34: 0 | R34: ='Analisa RAP IV'!O22 -> 1 | S34: 0 | V34: 0 | Z34: ='Analisa RAP IV'!O25 -> 2.5 | AA34: ='Analisa RAP IV'!O26 -> 3 | AB34: 0 | AC34: ='Analisa RAP IV'!O24 -> 24 | AD34: ='Analisa RAP IV'!O27 -> 840 | AY34: 0 | BI34: 0 | BJ34: ='Analisa RAP IV'!O29 -> 1 | BK34: ='Analisa RAP IV'!U18 -> 3591780 | BL34: ='Analisa RAP IV'!W18 -> 195712.8 | BM34: ='Analisa RAP IV'!X18 -> 5.1673445 | BN34: ='Analisa RAP IV'!Z18 -> 125000 | BO34: =E34*BN34 -> 525000 | BP34: ='Analisa RAP IV'!AC18 -> 3556780 | BQ34: ='Analisa RAP IV'!AD18 -> 230712.8 | BR34: ='Analisa RAP IV'!AE18 -> 6.0914386 | BS34: ='Analisa RAP IV'!AG18 -> 800000 | BT34: =E34*BS34 -> 3360000 | BU34: ='Analisa RAP IV'!AJ18 -> 3510000 | BV34: ='Analisa RAP IV'!AK18 -> 277492.8 | BW34: ='Analisa RAP IV'!AL18 -> 7.3265565
A35: 2 | B35: Lantai Kerja (Rabat Beton) Lantai 1 T=10 cm | E35: 18.62 | F35: M3 | G35: ='Analisa '!K86 -> 901784 | H35: =ROUND(E35*G35,2) -> 16791218 | I35: =H35/$H$86*100 -> 1.2367131 | J35: ='Analisa RAP IV'!K41 -> 2 | K35: ='Analisa RAP IV'!O42 -> 10 | L35: 0 | M35: ='Analisa RAP IV'!O43 -> 2 | N35: 0 | O35: 0 | P35: 0 | Q35: 0 | R35: ='Analisa RAP IV'!O45 -> 1 | S35: 0 | V35: 0 | Z35: ='Analisa RAP IV'!O48 -> 10.5 | AA35: ='Analisa RAP IV'!O49 -> 13 | AB35: 0 | AC35: ='Analisa RAP IV'!O47 -> 107 | AD35: ='Analisa RAP IV'!O50 -> 3724 | AY35: 0 | BI35: 0 | BJ35: ='Analisa RAP IV'!O52 -> 2 | BK35: ='Analisa RAP IV'!U41 -> 14855808 | BL35: ='Analisa RAP IV'!W41 -> 1935410.1 | BM35: ='Analisa RAP IV'!X41 -> 11.526323 | BN35: ='Analisa RAP IV'!Z41 -> 100000 | BO35: =E35*BN35 -> 1862000 | BP35: ='Analisa RAP IV'!AC41 -> 14677808 | BQ35: ='Analisa RAP IV'!AD41 -> 2113410.1 | BR35: ='Analisa RAP IV'!AE41 -> 12.586401 | BS35: ='Analisa RAP IV'!AG41 -> 750000 | BT35: =E35*BS35 -> 13965000 | BU35: ='Analisa RAP IV'!AJ41 -> 14265000 | BV35: ='Analisa RAP IV'!AK41 -> 2526218.1 | BW35: ='Analisa RAP IV'!AL41 -> 15.044877
A36: 3 | B36: Foot Plat Foot Plat (200 x 200) cm K250
B37: a. Cor Manual | E37: 33.6 | F37: M3 | G37: ='Analisa '!K102 -> 1115149.2 | H37: =ROUND(E37*$G37,2) -> 37469015 | I37: =H37/$H$86*100 -> 2.759682 | J37: ='Analisa RAP IV'!K64 -> 3 | K37: ='Analisa RAP IV'!O65 -> 18 | L37: 0 | M37: ='Analisa RAP IV'!O66 -> 3 | N37: 0 | O37: 0 | P37: 0 | Q37: 0 | R37: ='Analisa RAP IV'!O68 -> 1 | S37: 0 | V37: 0 | Z37: ='Analisa RAP IV'!O71 -> 14.5 | AA37: ='Analisa RAP IV'!O72 -> 24.5 | AB37: 0 | AC37: ='Analisa RAP IV'!O70 -> 323 | AD37: ='Analisa RAP IV'!O73 -> 7224 | AY37: 0 | BI37: 0 | BJ37: ='Analisa RAP IV'!O52 -> 2 | BK37: ='Analisa RAP IV'!U64 -> 32897808 | BL37: ='Analisa RAP IV'!W64 -> 4571206.8 | BM37: ='Analisa RAP IV'!X64 -> 12.199965 | BN37: ='Analisa RAP IV'!Z64 -> 150000 | BO37: =E37*BN37 -> 5040000 | BP37: ='Analisa RAP IV'!AC64 -> 32822808 | BQ37: ='Analisa RAP IV'!AD64 -> 4646206.8 | BR37: ='Analisa RAP IV'!AE64 -> 12.400131 | BS37: ='Analisa RAP IV'!AG64 -> 950000 | BT37: =E37*BS37 -> 31920000 | BU37: ='Analisa RAP IV'!AJ64 -> 32370000 | BV37: ='Analisa RAP IV'!AK64 -> 5099014.8 | BW37: ='Analisa RAP IV'!AL64 -> 13.608617
B38: b. Pembesian' | E38: 5563.92 | F38: Kg | G38: ='Analisa '!K118 -> 14444.575 | H38: =ROUND(E38*$G38,2) -> 80368460 | I38: =H38/$H$86*100 -> 5.919328 | J38: ='Analisa RAP IV'!K155 -> 4 | K38: ='Analisa RAP IV'!O156 -> 10 | N38: ='Analisa RAP IV'!O157 -> 10 | R38: ='Analisa RAP IV'!O159 -> 1 | AE38: ='Analisa RAP IV'!O161 -> 5843 | AQ38: ='Analisa RAP IV'!O162 -> 83.5 | BK38: ='Analisa RAP IV'!U155 -> 69612750 | BL38: ='Analisa RAP IV'!W155 -> 10755710 | BM38: ='Analisa RAP IV'!X155 -> 13.382998 | BN38: ='Analisa RAP IV'!Z155 -> 1200 | BO38: =E38*BN38 -> 6676704 | BP38: ='Analisa RAP IV'!AC155 -> 69489454 | BQ38: ='Analisa RAP IV'!AD155 -> 10879006 | BR38: ='Analisa RAP IV'!AE155 -> 13.536412 | BS38: ='Analisa RAP IV'!AG155 -> 12000 | BT38: =E38*BS38 -> 66767040 | BU38: ='Analisa RAP IV'!AJ155 -> 66767040 | BV38: ='Analisa RAP IV'!AK155 -> 13601420 | BW38: ='Analisa RAP IV'!AL155 -> 16.923828
B39: c. Bekisting | E39: 146.8 | F39: M2 | G39: ='Analisa '!K131 -> 155399.5 | H39: =ROUND(E39*$G39,2) -> 22812647 | I39: =H39/$H$86*100 -> 1.6802056 | J39: ='Analisa RAP IV'!K243 -> 4 | K39: ='Analisa RAP IV'!O244 -> 20 | L39: ='Analisa RAP IV'!O245 -> 10 | R39: ='Analisa RAP IV'!O247 -> 1 | S39: ='Analisa RAP IV'!O249 -> 3 | AU39: ='Analisa RAP IV'!O251 -> 15 | AY39: ='Analisa RAP IV'!O250 -> 44 | BK39: ='Analisa RAP IV'!U243 -> 19890000 | BL39: ='Analisa RAP IV'!W243 -> 2922646.6 | BM39: ='Analisa RAP IV'!X243 -> 12.811519 | BN39: ='Analisa RAP IV'!Z243 -> 60000 | BO39: =E39*BN39 -> 8808000 | BP39: ='Analisa RAP IV'!AC243 -> 18898000 | BQ39: ='Analisa RAP IV'!AD243 -> 3914646.6 | BR39: ='Analisa RAP IV'!AE243 -> 17.159984 | BS39: ='Analisa RAP IV'!AG243 -> 130000 | BT39: =E39*BS39 -> 19084000 | BU39: ='Analisa RAP IV'!AJ243 -> 19084000 | BV39: ='Analisa RAP IV'!AK243 -> 3728646.6 | BW39: ='Analisa RAP IV'!AL243 -> 16.344647
A40: 4 | B40: Sloof SL (15 x 30) cm K250
B41: a. Cor Manual | E41: 13.54 | F41: M3 | G41: =G37 -> 1115149.2 | H41: =ROUND(E41*G41,2) -> 15099121 | I41: =H41/$H$86*100 -> 1.1120861 | J41: ='Analisa RAP IV'!K87 -> 2 | K41: ='Analisa RAP IV'!O88 -> 11 | M41: ='Analisa RAP IV'!O89 -> 2 | R41: ='Analisa RAP IV'!O91 -> 1 | Z41: ='Analisa RAP IV'!O94 -> 6 | AA41: ='Analisa RAP IV'!O95 -> 10 | AC41: ='Analisa RAP IV'!O93 -> 130 | AD41: ='Analisa RAP IV'!O96 -> 2912 | BJ41: ='Analisa RAP IV'!O98 -> 2 | BK41: ='Analisa RAP IV'!U87 -> 13589504 | BL41: ='Analisa RAP IV'!W87 -> 1509616.8 | BM41: ='Analisa RAP IV'!X87 -> 9.9980447 | BN41: ='Analisa RAP IV'!Z87 -> 150000 | BO41: =E41*BN41 -> 2031000 | BP41: ='Analisa RAP IV'!AC87 -> 13430504 | BQ41: ='Analisa RAP IV'!AD87 -> 1668616.8 | BR41: ='Analisa RAP IV'!AE87 -> 11.051086 | BS41: ='Analisa RAP IV'!AG87 -> 950000 | BT41: =E41*BS41 -> 12863000 | BU41: ='Analisa RAP IV'!AJ87 -> 13163000 | BV41: ='Analisa RAP IV'!AK87 -> 1936120.8 | BW41: ='Analisa RAP IV'!AL87 -> 12.822739
B42: b. Pembesian' | E42: 1642.79 | F42: Kg | G42: ='Analisa '!K118 -> 14444.575 | H42: =ROUND(E42*G42,2) -> 23729403 | I42: =H42/$H$86*100 -> 1.7477269 | J42: ='Analisa RAP IV'!K177 -> 2 | K42: ='Analisa RAP IV'!O178 -> 6 | N42: ='Analisa RAP IV'!O179 -> 6 | R42: ='Analisa RAP IV'!O181 -> 1 | AE42: ='Analisa RAP IV'!O183 -> 1725 | AQ42: ='Analisa RAP IV'!O184 -> 25 | BK42: ='Analisa RAP IV'!U177 -> 20670000 | BL42: ='Analisa RAP IV'!W177 -> 3059403.4 | BM42: ='Analisa RAP IV'!X177 -> 12.892879 | BN42: ='Analisa RAP IV'!Z177 -> 1200 | BO42: =E42*BN42 -> 1971348 | BP42: ='Analisa RAP IV'!AC177 -> 20521348 | BQ42: ='Analisa RAP IV'!AD177 -> 3208055.4 | BR42: ='Analisa RAP IV'!AE177 -> 13.519326 | BS42: ='Analisa RAP IV'!AG177 -> 12000 | BT42: =E42*BS42 -> 19713480 | BU42: ='Analisa RAP IV'!AJ177 -> 19713480 | BV42: ='Analisa RAP IV'!AK177 -> 4015923.4 | BW42: ='Analisa RAP IV'!AL177 -> 16.923828
B43: c. Bekisting | E43: 90.29 | F43: M2 | G43: ='Analisa '!K145 -> 165749.5 | H43: =ROUND(E43*G43,2) -> 14965522 | I43: =H43/$H$86*100 -> 1.1022463 | J43: ='Analisa RAP IV'!K265 -> 2 | K43: ='Analisa RAP IV'!O266 -> 24 | N43: ='Analisa RAP IV'!O267 -> 12 | R43: ='Analisa RAP IV'!O269 -> 1 | S43: ='Analisa RAP IV'!O271 -> 2 | AU43: ='Analisa RAP IV'!O273 -> 9 | AY43: ='Analisa RAP IV'!O272 -> 27 | BK43: ='Analisa RAP IV'!U265 -> 12506000 | BL43: ='Analisa RAP IV'!W265 -> 2459522.4 | BM43: ='Analisa RAP IV'!X265 -> 16.434591 | BN43: ='Analisa RAP IV'!Z265 -> 60000 | BO43: =E43*BN43 -> 5417400 | BP43: ='Analisa RAP IV'!AC265 -> 12083400 | BQ43: ='Analisa RAP IV'!AD265 -> 2882122.4 | BR43: ='Analisa RAP IV'!AE265 -> 19.258415 | BS43: ='Analisa RAP IV'!AG265 -> 130000 | BT43: =E43*BS43 -> 11737700 | BU43: ='Analisa RAP IV'!AJ265 -> 11737700 | BV43: ='Analisa RAP IV'!AK265 -> 3227822.4 | BW43: ='Analisa RAP IV'!AL265 -> 21.568391
A44: 5 | B44: Kolom Struktur (KB1) K250
B45: a. Cor Manual | E45: 16.53 | F45: M3 | G45: =+G41 -> 1115149.2 | H45: =ROUND(E45*$G45,2) -> 18433417 | I45: =H45/$H$86*100 -> 1.357665 | J45: ='Analisa RAP IV'!K110 -> 2 | K45: ='Analisa RAP IV'!O111 -> 14 | M45: ='Analisa RAP IV'!O112 -> 3 | R45: ='Analisa RAP IV'!O114 -> 1 | Z45: ='Analisa RAP IV'!O117 -> 7.5 | AA45: ='Analisa RAP IV'!O118 -> 12 | AC45: ='Analisa RAP IV'!O116 -> 159 | AD45: ='Analisa RAP IV'!O119 -> 3554 | BJ45: ='Analisa RAP IV'!O121 -> 2 | BK45: ='Analisa RAP IV'!U110 -> 16662918 | BL45: ='Analisa RAP IV'!W110 -> 1770499.1 | BM45: ='Analisa RAP IV'!X110 -> 9.6048339 | BN45: ='Analisa RAP IV'!Z110 -> 150000 | BO45: =E45*BN45 -> 2479500 | BP45: ='Analisa RAP IV'!AC110 -> 16332418 | BQ45: ='Analisa RAP IV'!AD110 -> 2100999.1 | BR45: ='Analisa RAP IV'!AE110 -> 11.397773 | BS45: ='Analisa RAP IV'!AG110 -> 950000 | BT45: =E45*BS45 -> 15703500 | BU45: ='Analisa RAP IV'!AJ110 -> 16003500 | BV45: ='Analisa RAP IV'!AK110 -> 2429917.1 | BW45: ='Analisa RAP IV'!AL110 -> 13.182131
B46: b. Pembesian' | E46: 5244.35 | F46: Kg | G46: =G42 -> 14444.575 | H46: =ROUND(E46*$G46,2) -> 75752407 | I46: =H46/$H$86*100 -> 5.5793447 | J46: ='Analisa RAP IV'!K199 -> 4 | K46: ='Analisa RAP IV'!O200 -> 10 | M46: ='Analisa RAP IV'!O201 -> 10 | R46: ='Analisa RAP IV'!O203 -> 1 | AE46: ='Analisa RAP IV'!O205 -> 5507 | AQ46: ='Analisa RAP IV'!O206 -> 79 | BK46: ='Analisa RAP IV'!U199 -> 66006000 | BL46: ='Analisa RAP IV'!W199 -> 9746406.9 | BM46: ='Analisa RAP IV'!X199 -> 12.866135 | BN46: ='Analisa RAP IV'!Z199 -> 1200 | BO46: =E46*BN46 -> 6293220 | BP46: ='Analisa RAP IV'!AC199 -> 65499220 | BQ46: ='Analisa RAP IV'!AD199 -> 10253187 | BR46: ='Analisa RAP IV'!AE199 -> 13.53513 | BS46: ='Analisa RAP IV'!AG199 -> 12000 | BT46: =E46*BS46 -> 62932200 | BU46: ='Analisa RAP IV'!AJ199 -> 62932200 | BV46: ='Analisa RAP IV'!AK199 -> 12820207 | BW46: ='Analisa RAP IV'!AL199 -> 16.923828
B47: c. Bekisting | E47: 165.312 | F47: M2 | G47: ='Analisa '!K159 -> 399067.25 | H47: =ROUND(E47*$G47,2) -> 65970605 | I47: =H47/$H$86*100 -> 4.8588918 | J47: ='Analisa RAP IV'!K287 -> 4 | K47: ='Analisa RAP IV'!O288 -> 28 | L47: ='Analisa RAP IV'!O289 -> 14 | R47: ='Analisa RAP IV'!O291 -> 1 | S47: ='Analisa RAP IV'!O293 -> 7 | T47: ='Analisa RAP IV'!O296 -> 2.5 | U47: ='Analisa RAP IV'!O298 -> 331 | W47: ='Analisa RAP IV'!O297 -> 58 | AU47: ='Analisa RAP IV'!O295 -> 33 | AY47: ='Analisa RAP IV'!O294 -> 67 | BK47: ='Analisa RAP IV'!U287 -> 57979500 | BL47: ='Analisa RAP IV'!W287 -> 7991105.2 | BM47: ='Analisa RAP IV'!X287 -> 12.11313 | BN47: ='Analisa RAP IV'!Z287 -> 80000 | BO47: =E47*BN47 -> 13224960 | BP47: ='Analisa RAP IV'!AC287 -> 57644460 | BQ47: ='Analisa RAP IV'!AD287 -> 8326145.2 | BR47: ='Analisa RAP IV'!AE287 -> 12.620993 | BS47: ='Analisa RAP IV'!AG287 -> 350000 | BT47: =E47*BS47 -> 57859200 | BU47: ='Analisa RAP IV'!AJ287 -> 57859200 | BV47: ='Analisa RAP IV'!AK287 -> 8111405.2 | BW47: ='Analisa RAP IV'!AL287 -> 12.295484
A48: 6 | B48: Balok Atap (20 x 30) cm K250
B49: a. Cor Manual | E49: 17.913 | F49: M3 | G49: =G45 -> 1115149.2 | H49: =ROUND(E49*$G49,2) -> 19975669 | I49: =H49/$H$86*100 -> 1.4712554 | J49: ='Analisa RAP IV'!K133 -> 2 | K49: ='Analisa RAP IV'!O134 -> 15 | M49: ='Analisa RAP IV'!O135 -> 3 | R49: ='Analisa RAP IV'!O137 -> 1 | Z49: ='Analisa RAP IV'!O140 -> 8 | AA49: ='Analisa RAP IV'!O141 -> 13 | AC49: ='Analisa RAP IV'!O139 -> 172 | AD49: ='Analisa RAP IV'!O142 -> 3852 | BJ49: ='Analisa RAP IV'!O144 -> 2 | BK49: ='Analisa RAP IV'!U133 -> 17890484 | BL49: ='Analisa RAP IV'!W133 -> 2085184.5 | BM49: ='Analisa RAP IV'!X133 -> 10.438622 | BN49: ='Analisa RAP IV'!Z133 -> 150000 | BO49: =E49*BN49 -> 2686950 | BP49: ='Analisa RAP IV'!AC133 -> 17617434 | BQ49: ='Analisa RAP IV'!AD133 -> 2358234.5 | BR49: ='Analisa RAP IV'!AE133 -> 11.805535 | BS49: ='Analisa RAP IV'!AG133 -> 950000 | BT49: =E49*BS49 -> 17017350 | BU49: ='Analisa RAP IV'!AJ133 -> 17317350 | BV49: ='Analisa RAP IV'!AK133 -> 2658318.5 | BW49: ='Analisa RAP IV'!AL133 -> 13.307783
B50: b. Pembesian' | E50: 2498.18 | F50: Kg | G50: =G46 -> 14444.575 | H50: =ROUND(E50*$G50,2) -> 36085148 | I50: =H50/$H$86*100 -> 2.6577569 | J50: ='Analisa RAP IV'!K221 -> 3 | K50: ='Analisa RAP IV'!O222 -> 6 | N50: ='Analisa RAP IV'!O223 -> 6 | R50: ='Analisa RAP IV'!O225 -> 1 | AE50: ='Analisa RAP IV'!O227 -> 2624 | AQ50: ='Analisa RAP IV'!O228 -> 37.5 | BK50: ='Analisa RAP IV'!U221 -> 31388250 | BL50: ='Analisa RAP IV'!W221 -> 4696898.4 | BM50: ='Analisa RAP IV'!X221 -> 13.016154 | BN50: ='Analisa RAP IV'!Z221 -> 1200 | BO50: =E50*BN50 -> 2997816 | BP50: ='Analisa RAP IV'!AC221 -> 31206066 | BQ50: ='Analisa RAP IV'!AD221 -> 4879082.4 | BR50: ='Analisa RAP IV'!AE221 -> 13.521026 | BS50: ='Analisa RAP IV'!AG221 -> 12000 | BT50: =E50*BS50 -> 29978160 | BU50: ='Analisa RAP IV'!AJ221 -> 29978160 | BV50: ='Analisa RAP IV'!AK221 -> 6106988.4 | BW50: ='Analisa RAP IV'!AL221 -> 16.923828
B51: c. Bekisting | E51: 158.55 | F51: M2 | G51: =G47 -> 399067.25 | H51: =ROUND(E51*$G51,2) -> 63272112 | I51: =H51/$H$86*100 -> 4.6601414 | J51: ='Analisa RAP IV'!K311 -> 5 | K51: ='Analisa RAP IV'!O312 -> 21 | L51: ='Analisa RAP IV'!O313 -> 11 | R51: ='Analisa RAP IV'!O315 -> 1 | S51: ='Analisa RAP IV'!O317 -> 6.5 | T51: ='Analisa RAP IV'!O320 -> 3 | U51: ='Analisa RAP IV'!O322 -> 317 | W51: ='Analisa RAP IV'!O321 -> 56 | AU51: ='Analisa RAP IV'!O319 -> 32 | AY51: ='Analisa RAP IV'!O318 -> 63.5 | BK51: ='Analisa RAP IV'!U311 -> 56840500 | BL51: ='Analisa RAP IV'!W311 -> 6431612.5 | BM51: ='Analisa RAP IV'!X311 -> 10.165004 | BN51: ='Analisa RAP IV'!Z311 -> 80000 | BO51: =E51*BN51 -> 12684000 | BP51: ='Analisa RAP IV'!AC311 -> 56474500 | BQ51: ='Analisa RAP IV'!AD311 -> 6797612.5 | BR51: ='Analisa RAP IV'!AE311 -> 10.743457 | BS51: ='Analisa RAP IV'!AG311 -> 350000 | BT51: =E51*BS51 -> 55492500 | BU51: ='Analisa RAP IV'!AJ311 -> 55492500 | BV51: ='Analisa RAP IV'!AK311 -> 7779612.5 | BW51: ='Analisa RAP IV'!AL311 -> 12.295484
A52: 7 | B52: Kolom Beton Praktis 11 x 11 (K175) | E52: 72.8 | F52: M' | G52: ='Analisa '!K193 -> 78596.75 | H52: =ROUND(E52*$G52,2) -> 5721843.4 | I52: =H52/$H$86*100 -> 0.42142736 | J52: ='Analisa RAP IV'!K335 -> 3 | K52: ='Analisa RAP IV'!O336 -> 4 | L52: ='Analisa RAP IV'!O338 -> 1 | M52: ='Analisa RAP IV'!O337 -> 1 | N52: ='Analisa RAP IV'!O339 -> 1 | R52: ='Analisa RAP IV'!O341 -> 1 | Z52: ='Analisa RAP IV'!O348 -> 0.5 | AA52: ='Analisa RAP IV'!O349 -> 0.5 | AC52: ='Analisa RAP IV'!O347 -> 7 | AE52: ='Analisa RAP IV'!O345 -> 219 | AQ52: ='Analisa RAP IV'!O346 -> 3 | AY52: ='Analisa RAP IV'!O344 -> 0.5 | BK52: ='Analisa RAP IV'!U335 -> 4967000 | BL52: ='Analisa RAP IV'!W335 -> 754843.4 | BM52: ='Analisa RAP IV'!X335 -> 13.192311 | BN52: ='Analisa RAP IV'!Z335 -> 25000 | BO52: =E52*BN52 -> 1820000 | BP52: ='Analisa RAP IV'!AC335 -> 4822000 | BQ52: ='Analisa RAP IV'!AD335 -> 899843.4 | BR52: ='Analisa RAP IV'!AE335 -> 15.72646 | BS52: ='Analisa RAP IV'!AG335 -> 65000 | BT52: =E52*BS52 -> 4732000 | BU52: ='Analisa RAP IV'!AJ335 -> 4732000 | BV52: ='Analisa RAP IV'!AK335 -> 989843.4 | BW52: ='Analisa RAP IV'!AL335 -> 17.299379
A53: 8 | B53: Ring Balk Praktis | E53: 64.84 | F53: M' | G53: ='Analisa '!K213 -> 110253.38 | H53: =ROUND(E53*$G53,2) -> 7148828.8 | I53: =H53/$H$86*100 -> 0.52652823 | J53: ='Analisa RAP IV'!K362 -> 3 | K53: ='Analisa RAP IV'!O363 -> 6 | L53: ='Analisa RAP IV'!O365 -> 1 | M53: ='Analisa RAP IV'!O364 -> 1 | N53: ='Analisa RAP IV'!O366 -> 1 | R53: ='Analisa RAP IV'!O368 -> 1 | Z53: ='Analisa RAP IV'!O375 -> 0.5 | AA53: ='Analisa RAP IV'!O376 -> 1 | AC53: ='Analisa RAP IV'!O374 -> 9 | AE53: ='Analisa RAP IV'!O372 -> 234 | AQ53: ='Analisa RAP IV'!O373 -> 3.5 | AY53: ='Analisa RAP IV'!O371 -> 1.5 | BK53: ='Analisa RAP IV'!U362 -> 5855750 | BL53: ='Analisa RAP IV'!W362 -> 1293078.8 | BM53: ='Analisa RAP IV'!X362 -> 18.087982 | BN53: ='Analisa RAP IV'!Z362 -> 25000 | BO53: =E53*BN53 -> 1621000 | BP53: ='Analisa RAP IV'!AC362 -> 5061750 | BQ53: ='Analisa RAP IV'!AD362 -> 2087078.8 | BR53: ='Analisa RAP IV'!AE362 -> 29.194696 | BS53: ='Analisa RAP IV'!AG362 -> 65000 | BT53: =E53*BS53 -> 4214600 | BU53: ='Analisa RAP IV'!AJ362 -> 4214600 | BV53: ='Analisa RAP IV'!AK362 -> 2934228.8 | BW53: ='Analisa RAP IV'!AL362 -> 41.044889
A54: SUB TOTAL IV | H54: =SUM(H34:H53) -> 5.0738291e+08 | I54: =SUM(I34:I53) -> 37.369957 | J54: 0 | K54: =SUM(K34:K53) -> 208 | L54: =SUM(L34:L53) -> 37 | M54: =SUM(M34:M53) -> 26 | N54: =SUM(N34:N53) -> 36 | O54: =SUM(O34:O53) -> 0 | P54: =SUM(P34:P53) -> 0 | Q54: =SUM(Q34:Q53) -> 0 | R54: =SUM(R34:R53) -> 16 | S54: =SUM(S34:S53) -> 18.5 | U54: =SUM(U34:U53) -> 648 | V54: =SUM(V34:V53) -> 0 | W54: =SUM(W34:W53) -> 114 | X54: =SUM(X34:X53) -> 0 | Y54: =SUM(Y34:Y53) -> 0 | Z54: =SUM(Z34:Z53) -> 50 | AA54: =SUM(AA34:AA53) -> 77 | AB54: =SUM(AB34:AB53) -> 0 | ... BL54: =SUM(BL34:BL53) -> 62178857 | BM54: =BL54/H54*100 -> 12.254819 | BN54: 0 | BO54: =SUM(BO34:BO53) -> 76138898 | BP54: =SUM(BP34:BP53) -> 440137950 | BQ54: =SUM(BQ34:BQ53) -> 67244959 | BR54: =BQ54/H54*100 -> 13.253296 | BS54: 0 | BT54: =SUM(BT34:BT53) -> 427339730 | BU54: =SUM(BU34:BU53) -> 429139730 | BV54: =SUM(BV34:BV53) -> 78243179 | BW54: =BV54/H54*100 -> 15.420933
A55: V | B55: PEKERJAAN DINDING, PLESTERAN DAN PARTISI
A56: 1 | B56: Pasangan Bata Merah tebal 1/2 bata 1 PC : 4 PC | E56: 290.9748 | F56: M2 | G56: ='Analisa '!K233 -> 130539.38 | H56: =ROUND(E56*G56,2) -> 37983669 | I56: =H56/$H$86*100 -> 2.7975874 | J56: ='Analisa RAP V'!K19 -> 4 | K56: ='Analisa RAP V'!O20 -> 21 | M56: ='Analisa RAP V'!O21 -> 7 | R56: ='Analisa RAP V'!O23 -> 1 | Y56: ='Analisa RAP V'!O25 -> 20369 | Z56: ='Analisa RAP V'!O27 -> 12.5 | AC56: ='Analisa RAP V'!O26 -> 84 | BK56: ='Analisa RAP V'!U19 -> 32199250 | BL56: ='Analisa RAP V'!W19 -> 5784418.5 | BM56: ='Analisa RAP V'!X19 -> 15.228699 | BN56: ='Analisa RAP V'!Z19 -> 30000 | BO56: =E56*BN56 -> 8729244 | BP56: ='Analisa RAP V'!AC19 -> 31848494 | BQ56: ='Analisa RAP V'!AD19 -> 6135174.5 | BR56: ='Analisa RAP V'!AE19 -> 16.152138 | BS56: ='Analisa RAP V'!AG19 -> 110000 | BT56: =E56*BS56 -> 32007228 | BU56: ='Analisa RAP V'!AJ19 -> 32007228 | BV56: ='Analisa RAP V'!AK19 -> 5976440.5 | BW56: ='Analisa RAP V'!AL19 -> 15.734237
A57: 2 | B57: Plesteran 1PC : 4PP tebal 1,5 cm | E57: 631.7016 | F57: M2 | G57: ='Analisa '!K248 -> 61979.25 | H57: =ROUND(E57*G57,2) -> 39152391 | I57: =H57/$H$86*100 -> 2.8836666 | J57: ='Analisa RAP V'!K42 -> 8 | K57: ='Analisa RAP V'!O43 -> 24 | M57: ='Analisa RAP V'!O44 -> 12 | R57: ='Analisa RAP V'!O46 -> 1 | Z57: ='Analisa RAP V'!O49 -> 15.5 | AC57: ='Analisa RAP V'!O48 -> 96 | BK57: ='Analisa RAP V'!U42 -> 32717500 | BL57: ='Analisa RAP V'!W42 -> 6434891.4 | BM57: ='Analisa RAP V'!X42 -> 16.4355 | BN57: ='Analisa RAP V'!Z42 -> 35000 | BO57: =E57*BN57 -> 22109556 | BP57: ='Analisa RAP V'!AC42 -> 31467056 | BQ57: ='Analisa RAP V'!AD42 -> 7685335.4 | BR57: ='Analisa RAP V'!AE42 -> 19.629287 | BS57: ='Analisa RAP V'!AG42 -> 50000 | BT57: =E57*BS57 -> 31585080 | BU57: ='Analisa RAP V'!AJ42 -> 31585080 | BV57: ='Analisa RAP V'!AK42 -> 7567311.4 | BW57: ='Analisa RAP V'!AL42 -> 19.32784
A58: 3 | B58: Acian | E58: 631.7016 | F58: M2 | G58: ='Analisa '!K261 -> 34162.188 | H58: =ROUND(E58*G58,2) -> 21580308 | I58: =H58/$H$86*100 -> 1.589441 | J58: ='Analisa RAP V'!K65 -> 6 | K58: ='Analisa RAP V'!O66 -> 22 | M58: ='Analisa RAP V'!O67 -> 11 | R58: ='Analisa RAP V'!O69 -> 1 | AC58: ='Analisa RAP V'!O71 -> 52 | BK58: ='Analisa RAP V'!U65 -> 18450000 | BL58: ='Analisa RAP V'!W65 -> 3130308.5 | BM58: ='Analisa RAP V'!X65 -> 14.505393 | BN58: ='Analisa RAP V'!Z65 -> 25000 | BO58: =E58*BN58 -> 15792540 | BP58: ='Analisa RAP V'!AC65 -> 18132540 | BQ58: ='Analisa RAP V'!AD65 -> 3447768.5 | BR58: ='Analisa RAP V'!AE65 -> 15.976456 | BS58: ='Analisa RAP V'!AG65 -> 29000 | BT58: =E58*BS58 -> 18319346 | BU58: ='Analisa RAP V'!AJ65 -> 18319346 | BV58: ='Analisa RAP V'!AK65 -> 3260962.1 | BW58: ='Analisa RAP V'!AL65 -> 15.110822
A59: SUB TOTAL V | H59: =SUM(H56:H58) -> 98716368 | I59: =SUM(I56:I58) -> 7.2706951 | J59: 0 | K59: =SUM(K56:K58) -> 67 | L59: =SUM(L56:L58) -> 0 | M59: =SUM(M56:M58) -> 30 | N59: =SUM(N56:N58) -> 0 | O59: =SUM(O56:O58) -> 0 | P59: =SUM(P56:P58) -> 0 | Q59: =SUM(Q56:Q58) -> 0 | R59: =SUM(R56:R58) -> 3 | ... BL59: =SUM(BL56:BL58) -> 15349618 | BM59: =BL59/H59*100 -> 15.549213 | BN59: 0 | BO59: =SUM(BO56:BO58) -> 46631340 | BP59: =SUM(BP56:BP58) -> 81448090 | BQ59: =SUM(BQ56:BQ58) -> 17268278 | BR59: =BQ59/H59*100 -> 17.492822 | BS59: 0 | BT59: =SUM(BT56:BT58) -> 81911654 | BU59: =SUM(BU56:BU58) -> 81911654 | BV59: =SUM(BV56:BV58) -> 16804714 | BW59: =BV59/H59*100 -> 17.02323
A60: VI | B60: PEKERJAAN PENUTUP LANTAI
A61: 1 | B61: Pasangan Lantai Granit tile uk. (60 x 60) cm | E61: 262.22 | F61: M2 | G61: ='Analisa '!K273 -> 369972.25 | H61: =ROUND(E61*G61,2) -> 97014123 | I61: =H61/$H$86*100 -> 7.1453207 | J61: ='Analisa RAP VI'!K18 -> 5 | K61: ='Analisa RAP VI'!O19 -> 14 | M61: ='Analisa RAP VI'!O20 -> 7 | R61: ='Analisa RAP VI'!O22 -> 1 | Z61: ='Analisa RAP VI'!O26 -> 12 | AC61: ='Analisa RAP VI'!O25 -> 65 | BF61: ='Analisa RAP VI'!O27 -> 53 | BH61: ='Analisa RAP VI'!O24 -> 242 | BK61: ='Analisa RAP VI'!U18 -> 74584000 | BL61: ='Analisa RAP VI'!W18 -> 22430123 | BM61: ='Analisa RAP VI'!X18 -> 23.120472 | BN61: ='Analisa RAP VI'!Z18 -> 30000 | BO61: =E61*BN61 -> 7866600 | BP61: ='Analisa RAP VI'!AC18 -> 73725600 | BQ61: ='Analisa RAP VI'!AD18 -> 23288523 | BR61: ='Analisa RAP VI'!AE18 -> 24.005292 | BS61: ='Analisa RAP VI'!AG18 -> 280000 | BT61: =E61*BS61 -> 73421600 | BU61: ='Analisa RAP VI'!AJ18 -> 73421600 | BV61: ='Analisa RAP VI'!AK18 -> 23592523 | BW61: ='Analisa RAP VI'!AL18 -> 24.318648
A62: 2 | B62: Pasangan Keramik Lantai KM / WC 20x20 | E62: 8.48 | F62: M2 | G62: ='Analisa '!K288 -> 211887.5 | H62: =ROUND(E62*G62,2) -> 1796806 | I62: =H62/$H$86*100 -> 0.13233903 | J62: ='Analisa RAP VI'!K41 -> 1 | K62: ='Analisa RAP VI'!O42 -> 2 | M62: ='Analisa RAP VI'!O43 -> 2 | R62: ='Analisa RAP VI'!O45 -> 1 | Z62: ='Analisa RAP VI'!O50 -> 0.5 | AC62: ='Analisa RAP VI'!O48 -> 2 | BF62: ='Analisa RAP VI'!O49 -> 2 | BG62: ='Analisa RAP VI'!O47 -> 9 | BK62: ='Analisa RAP VI'!U41 -> 1203500 | BL62: ='Analisa RAP VI'!W41 -> 593306 | BM62: ='Analisa RAP VI'!X41 -> 33.020037 | BN62: ='Analisa RAP VI'!Z41 -> 30000 | BO62: =E62*BN62 -> 254400 | BP62: ='Analisa RAP VI'!AC41 -> 1037900 | BQ62: ='Analisa RAP VI'!AD41 -> 758906 | BR62: ='Analisa RAP VI'!AE41 -> 42.236391 | BS62: ='Analisa RAP VI'!AG41 -> 125000 | BT62: =E62*BS62 -> 1060000 | BU62: ='Analisa RAP VI'!AJ41 -> 1060000 | BV62: ='Analisa RAP VI'!AK41 -> 736806 | BW62: ='Analisa RAP VI'!AL41 -> 41.00643
A63: SUB TOTAL VI | H63: =SUM(H61:H62) -> 98810929 | I63: =SUM(I61:I62) -> 7.2776597 | J63: 0 | K63: =SUM(K61:K62) -> 16 | L63: =SUM(L61:L62) -> 0 | M63: =SUM(M61:M62) -> 9 | N63: =SUM(N61:N62) -> 0 | O63: =SUM(O61:O62) -> 0 | P63: =SUM(P61:P62) -> 0 | Q63: =SUM(Q61:Q62) -> 0 | R63: =SUM(R61:R62) -> 2 | ... BL63: =SUM(BL61:BL62) -> 23023429 | BM63: =BL63/H63*100 -> 23.300489 | BN63: 0 | BO63: =SUM(BO61:BO62) -> 8121000 | BP63: =SUM(BP61:BP62) -> 74763500 | BQ63: =SUM(BQ61:BQ62) -> 24047429 | BR63: =BQ63/H63*100 -> 24.336811 | BS63: 0 | BT63: =SUM(BT61:BT62) -> 74481600 | BU63: =SUM(BU61:BU62) -> 74481600 | BV63: =SUM(BV61:BV62) -> 24329329 | BW63: =BV63/H63*100 -> 24.622104
A64: VII | B64: PEKERJAAN ATAP & PLAFON
A65: 1 | B65: Kuda-kuda baja IWF 150.75.5.7 + Meni | E65: 880.32 | F65: Kg | G65: ='Analisa '!K316 -> 28951.25 | H65: =ROUND(E65*$G65,2) -> 25486364 | I65: =H65/$H$86*100 -> 1.8771313 | J65: ='Analisa RAP VII'!K41 -> 4 | K65: ='Analisa RAP VII'!O42 -> 14 | N65: ='Analisa RAP VII'!O43 -> 14 | R65: ='Analisa RAP VII'!O45 -> 1 | AI65: ='Analisa RAP VII'!O47 -> 1013 | BK65: ='Analisa RAP VII'!U41 -> 22022500 | BL65: ='Analisa RAP VII'!W41 -> 3463864.4 | BM65: ='Analisa RAP VII'!X41 -> 13.591049 | BN65: ='Analisa RAP VII'!Z41 -> 9000 | BO65: =E65*BN65 -> 7922880 | BP65: ='Analisa RAP VII'!AC41 -> 20585380 | BQ65: ='Analisa RAP VII'!AD41 -> 4900984.4 | BR65: ='Analisa RAP VII'!AE41 -> 19.229829 | BS65: ='Analisa RAP VII'!AG41 -> 25000 | BT65: =E65*BS65 -> 22008000 | BU65: ='Analisa RAP VII'!AJ41 -> 22008000 | BV65: ='Analisa RAP VII'!AK41 -> 3478364.4 | BW65: ='Analisa RAP VII'!AL41 -> 13.647943
A66: 2 | B66: Gording CNP 150 x 50 x 20 x 2.3 | E66: 742.48 | F66: Kg | G66: =RAB!H58 -> 30262.25 | H66: =ROUND(E66*$G66,2) -> 22469115 | I66: =H66/$H$86*100 -> 1.6549037 | J66: ='Analisa RAP VII'!K18 -> 3 | K66: ='Analisa RAP VII'!O19 -> 14 | N66: ='Analisa RAP VII'!O20 -> 14 | R66: ='Analisa RAP VII'!O22 -> 1 | AH66: ='Analisa RAP VII'!O24 -> 854 | AR66: ='Analisa RAP VII'!O25 -> 45 | BK66: ='Analisa RAP VII'!U18 -> 18550000 | BL66: ='Analisa RAP VII'!W18 -> 3919115.4 | BM66: ='Analisa RAP VII'!X18 -> 17.442233 | BN66: ='Analisa RAP VII'!Z18 -> 9000 | BO66: =E66*BN66 -> 6682320 | BP66: ='Analisa RAP VII'!AC18 -> 18212320 | BQ66: ='Analisa RAP VII'!AD18 -> 4256795.4 | BR66: ='Analisa RAP VII'!AE18 -> 18.945096 | BS66: ='Analisa RAP VII'!AG18 -> 25000 | BT66: =E66*BS66 -> 18562000 | BU66: ='Analisa RAP VII'!AJ18 -> 18562000 | BV66: ='Analisa RAP VII'!AK18 -> 3907115.4 | BW66: ='Analisa RAP VII'!AL18 -> 17.388826
A67: 3 | B67: Memasang Atap Galvalum gelombang 35 warna | E67: 571.17472 | F67: M2 | G67: ='Analisa '!K328 -> 70299.5 | H67: =ROUND(E67*$G67,2) -> 40153297 | I67: =H67/$H$86*100 -> 2.9573857 | J67: ='Analisa RAP VII'!K64 -> 5 | K67: ='Analisa RAP VII'!O65 -> 14 | N67: ='Analisa RAP VII'!O66 -> 7 | R67: ='Analisa RAP VII'!O68 -> 1 | AS67: ='Analisa RAP VII'!O70 -> 400 | AV67: ='Analisa RAP VII'!O71 -> 12 | BK67: ='Analisa RAP VII'!U64 -> 34977000 | BL67: ='Analisa RAP VII'!W64 -> 5176297.2 | BM67: ='Analisa RAP VII'!X64 -> 12.891338 | BN67: ='Analisa RAP VII'!Z64 -> 15000 | BO67: =E67*BN67 -> 8567620.8 | BP67: ='Analisa RAP VII'!AC64 -> 34819621 | BQ67: ='Analisa RAP VII'!AD64 -> 5333676.4 | BR67: ='Analisa RAP VII'!AE64 -> 13.283284 | BS67: ='Analisa RAP VII'!AG64 -> 60000 | BT67: =E67*BS67 -> 34270483 | BU67: ='Analisa RAP VII'!AJ64 -> 34270483 | BV67: ='Analisa RAP VII'!AK64 -> 5882814 | BW67: ='Analisa RAP VII'!AL64 -> 14.650887
A68: 4 | B68: Memasang bubungan seng Galvalum plat | E68: 52 | F68: M' | G68: ='Analisa '!K341 -> 37231.25 | H68: =ROUND(E68*$G68,2) -> 1936025 | I68: =H68/$H$86*100 -> 0.14259284 | J68: ='Analisa RAP VII'!K87 -> 1 | K68: ='Analisa RAP VII'!O88 -> 8 | N68: ='Analisa RAP VII'!O89 -> 4 | R68: ='Analisa RAP VII'!O91 -> 1 | AT68: ='Analisa RAP VII'!O93 -> 16 | AV68: ='Analisa RAP VII'!O94 -> 2 | BK68: ='Analisa RAP VII'!U87 -> 1802000 | BL68: ='Analisa RAP VII'!W87 -> 134025 | BM68: ='Analisa RAP VII'!X87 -> 6.9226895 | BN68: ='Analisa RAP VII'!Z87 -> 20000 | BO68: =E68*BN68 -> 1040000 | BP68: ='Analisa RAP VII'!AC87 -> 1802000 | BQ68: ='Analisa RAP VII'!AD87 -> 134025 | BR68: ='Analisa RAP VII'!AE87 -> 6.9226895 | BS68: ='Analisa RAP VII'!AG87 -> 35000 | BT68: =E68*BS68 -> 1820000 | BU68: ='Analisa RAP VII'!AJ87 -> 1820000 | BV68: ='Analisa RAP VII'!AK87 -> 116025 | BW68: ='Analisa RAP VII'!AL87 -> 5.9929495
A69: 5 | B69: Rangka Plafond Hollow Galvalume / Zincalume 0.35 mm | E69: 428.48 | F69: M2 | G69: ='Analisa '!K367 -> 108450.75 | H69: =ROUND(E69*$G69,2) -> 46468977 | I69: =H69/$H$86*100 -> 3.4225506 | J69: ='Analisa RAP VII'!K110 -> 8 | K69: ='Analisa RAP VII'!O111 -> 18 | N69: ='Analisa RAP VII'!O112 -> 18 | R69: ='Analisa RAP VII'!O114 -> 1 | AF69: ='Analisa RAP VII'!O116 -> 429 | AG69: ='Analisa RAP VII'!O118 -> 429 | AW69: ='Analisa RAP VII'!O119 -> 18 | BK69: ='Analisa RAP VII'!U110 -> 42665000 | BL69: ='Analisa RAP VII'!W110 -> 3803977.4 | BM69: ='Analisa RAP VII'!X110 -> 8.1860578 | BN69: ='Analisa RAP VII'!Z110 -> 50000 | BO69: =E69*BN69 -> 21424000 | BP69: ='Analisa RAP VII'!AC110 -> 40249000 | BQ69: ='Analisa RAP VII'!AD110 -> 6219977.4 | BR69: ='Analisa RAP VII'!AE110 -> 13.385225 | BS69: ='Analisa RAP VII'!AG110 -> 95000 | BT69: =E69*BS69 -> 40705600 | BU69: ='Analisa RAP VII'!AJ110 -> 40705600 | BV69: ='Analisa RAP VII'!AK110 -> 5763377.4 | BW69: ='Analisa RAP VII'!AL110 -> 12.402634
A70: =+A69+1 -> 6 | B70: Memasang Plafond Gypsum Board 9 mm | E70: 428.48 | F70: M2 | G70: ='Analisa '!K380 -> 43588.45 | H70: =ROUND(E70*$G70,2) -> 18676779 | I70: =H70/$H$86*100 -> 1.3755891 | J70: ='Analisa RAP VII'!K134 -> 4 | K70: ='Analisa RAP VII'!O135 -> 10 | L70: ='Analisa RAP VII'!O136 -> 5 | R70: ='Analisa RAP VII'!O138 -> 1 | X70: ='Analisa RAP VII'!O140 -> 156 | AW70: ='Analisa RAP VII'!O141 -> 48 | BK70: ='Analisa RAP VII'!U134 -> 15780000 | BL70: ='Analisa RAP VII'!W134 -> 2896779.1 | BM70: ='Analisa RAP VII'!X134 -> 15.510057 | BN70: ='Analisa RAP VII'!Z134 -> 12000 | BO70: =E70*BN70 -> 5141760 | BP70: ='Analisa RAP VII'!AC134 -> 15821760 | BQ70: ='Analisa RAP VII'!AD134 -> 2855019.1 | BR70: ='Analisa RAP VII'!AE134 -> 15.286464 | BS70: ='Analisa RAP VII'!AG134 -> 35000 | BT70: =E70*BS70 -> 14996800 | BU70: ='Analisa RAP VII'!AJ134 -> 14996800 | BV70: ='Analisa RAP VII'!AK134 -> 3679979.1 | BW70: ='Analisa RAP VII'!AL134 -> 19.703499
A71: SUB TOTAL VII | H71: =SUM(H65:H70) -> 1.5519056e+08 | I71: =SUM(I65:I70) -> 11.430153 | J71: 0 | K71: =SUM(K65:K70) -> 78 | L71: =SUM(L65:L70) -> 5 | M71: =SUM(M65:M70) -> 0 | N71: =SUM(N65:N70) -> 57 | O71: =SUM(O65:O70) -> 0 | P71: =SUM(P65:P70) -> 0 | Q71: =SUM(Q65:Q70) -> 0 | R71: =SUM(R65:R70) -> 6 | ... BL71: =SUM(BL65:BL70) -> 19394058 | BM71: =BL71/H71*100 -> 12.496932 | BN71: 0 | BO71: =SUM(BO65:BO70) -> 50778581 | BP71: =SUM(BP65:BP70) -> 1.3149008e+08 | BQ71: =SUM(BQ65:BQ70) -> 23700478 | BR71: =BQ71/H71*100 -> 15.271855 | BS71: 0 | BT71: =SUM(BT65:BT70) -> 1.3236288e+08 | BU71: =SUM(BU65:BU70) -> 1.3236288e+08 | BV71: =SUM(BV65:BV70) -> 22827675 | BW71: =BV71/H71*100 -> 14.709448
A72: VIII | B72: PEKERJAAN KUSEN, PINTU & JENDELA
A73: 1 | B73: Kusen Pintu Alumunium 4' | E73: 127.6 | F73: M' | G73: ='Analisa '!K408 -> 164949.67 | H73: =ROUND(E73*G73,2) -> 21047579 | I73: =H73/$H$86*100 -> 1.5502042 | J73: ='Analisa RAP VIII'!K18 -> 3 | K73: ='Analisa RAP VIII'!O19 -> 2 | N73: ='Analisa RAP VIII'!O20 -> 2 | R73: ='Analisa RAP VIII'!O22 -> 1 | AJ73: ='Analisa RAP VIII'!O24 -> 35 | AP73: ='Analisa RAP VIII'!O26 -> 8 | AX73: ='Analisa RAP VIII'!O25 -> 255 | BK73: ='Analisa RAP VIII'!U18 -> 19244000 | BL73: ='Analisa RAP VIII'!W18 -> 1803578.5 | BM73: ='Analisa RAP VIII'!X18 -> 8.5690548 | BN73: ='Analisa RAP VIII'!Z18 -> 9500 | BO73: =E73*BN73 -> 1212200 | BP73: ='Analisa RAP VIII'!AC18 -> 19196200 | BQ73: ='Analisa RAP VIII'!AD18 -> 1851378.5 | BR73: ='Analisa RAP VIII'!AE18 -> 8.7961593 | BS73: ='Analisa RAP VIII'!AG18 -> 150000 | BT73: =E73*BS73 -> 19140000 | BU73: ='Analisa RAP VIII'!AJ18 -> 19140000 | BV73: ='Analisa RAP VIII'!AK18 -> 1907578.5 | BW73: ='Analisa RAP VIII'!AL18 -> 9.0631734
A74: =+A73+1 -> 2 | B74: Kusen Jendela Alumunium 4' | E74: 543.95 | F74: M' | G74: ='Analisa '!K408 -> 164949.67 | H74: =ROUND(E74*G74,2) -> 89724376 | I74: =H74/$H$86*100 -> 6.6084134 | J74: ='Analisa RAP VIII'!K41 -> 4 | K74: ='Analisa RAP VIII'!O42 -> 6 | N74: ='Analisa RAP VIII'!O43 -> 6 | R74: ='Analisa RAP VIII'!O45 -> 1 | AJ74: ='Analisa RAP VIII'!O47 -> 150 | AP74: ='Analisa RAP VIII'!O49 -> 33 | AX74: ='Analisa RAP VIII'!O48 -> 1088 | BK74: ='Analisa RAP VIII'!U41 -> 81265400 | BL74: ='Analisa RAP VIII'!W41 -> 8458975.7 | BM74: ='Analisa RAP VIII'!X41 -> 9.4277343 | BN74: ='Analisa RAP VIII'!Z41 -> 9500 | BO74: =E74*BN74 -> 5167525 | BP74: ='Analisa RAP VIII'!AC41 -> 82192925 | BQ74: ='Analisa RAP VIII'!AD41 -> 7531450.7 | BR74: ='Analisa RAP VIII'!AE41 -> 8.3939851 | BS74: ='Analisa RAP VIII'!AG41 -> 150000 | BT74: =E74*BS74 -> 81592500 | BU74: ='Analisa RAP VIII'!AJ41 -> 81592500 | BV74: ='Analisa RAP VIII'!AK41 -> 8131875.7 | BW74: ='Analisa RAP VIII'!AL41 -> 9.0631734
A75: =+A74+1 -> 3 | B75: Memasang Rangka Pintu Alumunium | E75: 26.256 | F75: M2 | G75: ='Analisa '!K435 -> 1230362 | H75: =ROUND(E75*G75,2) -> 32304385 | I75: =H75/$H$86*100 -> 2.3792947 | J75: ='Analisa RAP VIII'!K64 -> 2 | K75: ='Analisa RAP VIII'!O65 -> 2 | N75: ='Analisa RAP VIII'!O66 -> 2 | R75: ='Analisa RAP VIII'!O68 -> 1 | AK75: ='Analisa RAP VIII'!O70 -> 29 | AL75: ='Analisa RAP VIII'!O71 -> 30 | AP75: ='Analisa RAP VIII'!O72 -> 7 | BK75: ='Analisa RAP VIII'!U64 -> 28335000 | BL75: ='Analisa RAP VIII'!W64 -> 3969384.7 | BM75: ='Analisa RAP VIII'!X64 -> 12.287449 | BN75: ='Analisa RAP VIII'!Z64 -> 25000 | BO75: =E75*BN75 -> 656400 | BP75: ='Analisa RAP VIII'!AC64 -> 28151400 | BQ75: ='Analisa RAP VIII'!AD64 -> 4152984.7 | BR75: ='Analisa RAP VIII'!AE64 -> 12.855793 | BS75: ='Analisa RAP VIII'!AG64 -> 1000000 | BT75: =E75*BS75 -> 26256000 | BU75: ='Analisa RAP VIII'!AJ64 -> 26256000 | BV75: ='Analisa RAP VIII'!AK64 -> 6048384.7 | BW75: ='Analisa RAP VIII'!AL64 -> 18.723108
A76: 4 | B76: Memasang Rangka Jendela Alumunium | E76: 156.6 | F76: M2 | G76: =G75 -> 1230362 | H76: =ROUND(E76*G76,2) -> 1.9267469e+08 | I76: =H76/$H$86*100 -> 14.190949 | J76: ='Analisa RAP VIII'!K87 -> 6 | K76: ='Analisa RAP VIII'!O88 -> 3 | N76: ='Analisa RAP VIII'!O89 -> 3 | R76: ='Analisa RAP VIII'!O91 -> 1 | AK76: ='Analisa RAP VIII'!O93 -> 173 | AL76: ='Analisa RAP VIII'!O94 -> 177 | AP76: ='Analisa RAP VIII'!O95 -> 43 | BK76: ='Analisa RAP VIII'!U87 -> 166710000 | BL76: ='Analisa RAP VIII'!W87 -> 25964689 | BM76: ='Analisa RAP VIII'!X87 -> 13.475921 | BN76: ='Analisa RAP VIII'!Z87 -> 25000 | BO76: =E76*BN76 -> 3915000 | BP76: ='Analisa RAP VIII'!AC87 -> 167145000 | BQ76: ='Analisa RAP VIII'!AD87 -> 25529689 | BR76: ='Analisa RAP VIII'!AE87 -> 13.250152 | BS76: ='Analisa RAP VIII'!AG87 -> 1000000 | BT76: =E76*BS76 -> 1.566e+08 | BU76: ='Analisa RAP VIII'!AJ87 -> 1.566e+08 | BV76: ='Analisa RAP VIII'!AK87 -> 36074689 | BW76: ='Analisa RAP VIII'!AL87 -> 18.723108
A77: 5 | B77: Memasang Pintu Alumunium KM Strip lebar 8 cm | E77: 12.7776 | F77: M2 | G77: ='Analisa '!K422 -> 775898.68 | H77: =ROUND(E77*G77,2) -> 9914122.9 | I77: =H77/$H$86*100 -> 0.73019871 | J77: ='Analisa RAP VIII'!K110 -> 1 | K77: ='Analisa RAP VIII'!O111 -> 1 | N77: ='Analisa RAP VIII'!O112 -> 1 | R77: ='Analisa RAP VIII'!O114 -> 1 | AK77: ='Analisa RAP VIII'!O116 -> 15 | AM77: ='Analisa RAP VIII'!O117 -> 47 | BK77: ='Analisa RAP VIII'!U110 -> 9405000 | BL77: ='Analisa RAP VIII'!W110 -> 509122.91 | BM77: ='Analisa RAP VIII'!X110 -> 5.1353298 | BN77: ='Analisa RAP VIII'!Z110 -> 25000 | BO77: =E77*BN77 -> 319440 | BP77: ='Analisa RAP VIII'!AC110 -> 9464440 | BQ77: ='Analisa RAP VIII'!AD110 -> 449682.91 | BR77: ='Analisa RAP VIII'!AE110 -> 4.5357811 | BS77: ='Analisa RAP VIII'!AG110 -> 725000 | BT77: =E77*BS77 -> 9263760 | BU77: ='Analisa RAP VIII'!AJ110 -> 9263760 | BV77: ='Analisa RAP VIII'!AK110 -> 650362.91 | BW77: ='Analisa RAP VIII'!AL110 -> 6.5599642
A78: 6 | B78: Memasang Kaca Buram / Raybend 5 mm | E78: 55.6782 | F78: M2 | G78: ='Analisa '!K462 -> 172364.88 | H78: =ROUND(E78*G78,2) -> 9596966 | I78: =H78/$H$86*100 -> 0.70683934 | J78: ='Analisa RAP VIII'!K156 -> 2 | K78: ='Analisa RAP VIII'!O157 -> 1 | N78: ='Analisa RAP VIII'!O158 -> 4 | R78: ='Analisa RAP VIII'!O160 -> 1 | AO78: ='Analisa RAP VIII'!O162 -> 62 | AP78: ='Analisa RAP VIII'!O163 -> 3 | BK78: ='Analisa RAP VIII'!U156 -> 8265000 | BL78: ='Analisa RAP VIII'!W156 -> 1331966 | BM78: ='Analisa RAP VIII'!X156 -> 13.879032 | BN78: ='Analisa RAP VIII'!Z156 -> 16000 | BO78: =E78*BN78 -> 890851.2 | BP78: ='Analisa RAP VIII'!AC156 -> 8125851.2 | BQ78: ='Analisa RAP VIII'!AD156 -> 1471114.8 | BR78: ='Analisa RAP VIII'!AE156 -> 15.328957 | BS78: ='Analisa RAP VIII'!AG156 -> 125000 | BT78: =E78*BS78 -> 6959775 | BU78: ='Analisa RAP VIII'!AJ156 -> 6959775 | BV78: ='Analisa RAP VIII'!AK156 -> 2637191 | BW78: ='Analisa RAP VIII'!AL156 -> 27.479424
A79: 7 | B79: Memasang Kaca Bening 5 mm | E79: 152.8488 | F79: M2 | G79: ='Analisa '!K449 -> 147064.88 | H79: =ROUND(E79*G79,2) -> 22478690 | I79: =H79/$H$86*100 -> 1.6556089 | J79: ='Analisa RAP VIII'!K133 -> 3 | K79: ='Analisa RAP VIII'!O134 -> 1 | N79: ='Analisa RAP VIII'!O135 -> 8 | R79: ='Analisa RAP VIII'!O137 -> 1 | AN79: ='Analisa RAP VIII'!O139 -> 169 | AP79: ='Analisa RAP VIII'!O140 -> 8 | BK79: ='Analisa RAP VIII'!U133 -> 19745000 | BL79: ='Analisa RAP VIII'!W133 -> 2733689.7 | BM79: ='Analisa RAP VIII'!X133 -> 12.16125 | BN79: ='Analisa RAP VIII'!Z133 -> 16000 | BO79: =E79*BN79 -> 2445580.8 | BP79: ='Analisa RAP VIII'!AC133 -> 19625581 | BQ79: ='Analisa RAP VIII'!AD133 -> 2853108.9 | BR79: ='Analisa RAP VIII'!AE133 -> 12.692505 | BS79: ='Analisa RAP VIII'!AG133 -> 125000 | BT79: =E79*BS79 -> 19106100 | BU79: ='Analisa RAP VIII'!AJ133 -> 19106100 | BV79: ='Analisa RAP VIII'!AK133 -> 3372589.7 | BW79: ='Analisa RAP VIII'!AL133 -> 15.003498
A80: SUB TOTAL VIII | H80: =SUM(H73:H79) -> 3.7774081e+08 | I80: =SUM(I73:I79) -> 27.821508 | J80: 0 | K80: =SUM(K73:K79) -> 16 | L80: =SUM(L73:L79) -> 0 | M80: =SUM(M73:M79) -> 0 | N80: =SUM(N73:N79) -> 26 | O80: =SUM(O73:O79) -> 0 | P80: =SUM(P73:P79) -> 0 | Q80: =SUM(Q73:Q79) -> 0 | R80: =SUM(R73:R79) -> 7 | ... BL80: =SUM(BL73:BL79) -> 44771407 | BM80: =BL80/H80*100 -> 11.852415 | BN80: 0 | BO80: =SUM(BO73:BO79) -> 14606997 | BP80: =SUM(BP73:BP79) -> 333901397 | BQ80: =SUM(BQ73:BQ79) -> 43839410 | BR80: =BQ80/H80*100 -> 11.605685 | BS80: 0 | BT80: =SUM(BT73:BT79) -> 318918135 | BU80: =SUM(BU73:BU79) -> 318918135 | BV80: =SUM(BV73:BV79) -> 58822672 | BW80: =BV80/H80*100 -> 15.572231
A81: IX | B81: PEKERJAAN PENGECATAN
A82: 1 | B82: Cat Dinding Interior | E82: 518.05 | F82: M2 | G82: ='Analisa '!K475 -> 22308.275 | H82: =ROUND(E82*G82,2) -> 11556802 | I82: =H82/$H$86*100 -> 0.85118591 | J82: ='Analisa RAP IX'!K18 -> 8 | K82: ='Analisa RAP IX'!O19 -> 2 | O82: ='Analisa RAP IX'!O20 -> 4 | R82: ='Analisa RAP IX'!O22 -> 1 | AZ82: ='Analisa RAP IX'!O24 -> 52 | BA82: ='Analisa RAP IX'!O25 -> 2 | BC82: ='Analisa RAP IX'!O26 -> 6 | BK82: ='Analisa RAP IX'!U18 -> 10722000 | BL82: ='Analisa RAP IX'!W18 -> 834801.86 | BM82: ='Analisa RAP IX'!X18 -> 7.2234678 | BN82: ='Analisa RAP IX'!Z18 -> 8000 | BO82: =E82*BN82 -> 4144400 | BP82: ='Analisa RAP IX'!AC18 -> 10146400 | BQ82: ='Analisa RAP IX'!AD18 -> 1410401.9 | BR82: ='Analisa RAP IX'!AE18 -> 12.204084 | BS82: ='Analisa RAP IX'!AG18 -> 20000 | BT82: =E82*BS82 -> 10361000 | BU82: ='Analisa RAP IX'!AJ18 -> 10361000 | BV82: ='Analisa RAP IX'!AK18 -> 1195801.9 | BW82: ='Analisa RAP IX'!AL18 -> 10.347169
A83: 2 | B83: Cat Dinding Eksterior | E83: 113.65 | F83: M2 | G83: ='Analisa '!K490 -> 26287.275 | H83: =ROUND(E83*G83,2) -> 2987548.8 | I83: =H83/$H$86*100 -> 0.22004007 | J83: ='Analisa RAP IX'!K42 -> 4 | K83: ='Analisa RAP IX'!O43 -> 0 | O83: ='Analisa RAP IX'!O44 -> 2 | R83: ='Analisa RAP IX'!O46 -> 1 | AZ83: ='Analisa RAP IX'!O48 -> 11 | BB83: ='Analisa RAP IX'!O49 -> 1 | BE83: ='Analisa RAP IX'!O50 -> 1 | BK83: ='Analisa RAP IX'!U42 -> 2921000 | BL83: ='Analisa RAP IX'!W42 -> 66548.8 | BM83: ='Analisa RAP IX'!X42 -> 2.2275385 | BN83: ='Analisa RAP IX'!Z42 -> 8000 | BO83: =E83*BN83 -> 909200 | BP83: ='Analisa RAP IX'!AC42 -> 2750200 | BQ83: ='Analisa RAP IX'!AD42 -> 237348.8 | BR83: ='Analisa RAP IX'!AE42 -> 7.9445999 | BS83: ='Analisa RAP IX'!AG42 -> 25000 | BT83: =E83*BS83 -> 2841250 | BU83: ='Analisa RAP IX'!AJ42 -> 2841250 | BV83: ='Analisa RAP IX'!AK42 -> 146298.8 | BW83: ='Analisa RAP IX'!AL42 -> 4.896951
A84: 3 | B84: Cat Plafond | E84: 428.48 | F84: M2 | G84: =G82 -> 22308.275 | H84: =ROUND(E84*G84,2) -> 9558649.7 | I84: =H84/$H$86*100 -> 0.70401726 | J84: ='Analisa RAP IX'!K66 -> 5 | K84: ='Analisa RAP IX'!O67 -> 2 | O84: ='Analisa RAP IX'!O68 -> 6 | R84: ='Analisa RAP IX'!O70 -> 1 | AZ84: ='Analisa RAP IX'!O72 -> 42 | BA84: ='Analisa RAP IX'!O73 -> 2 | BD84: ='Analisa RAP IX'!O74 -> 5 | BK84: ='Analisa RAP IX'!U66 -> 8942000 | BL84: ='Analisa RAP IX'!W66 -> 616649.67 | BM84: ='Analisa RAP IX'!X66 -> 6.4512216 | BN84: ='Analisa RAP IX'!Z66 -> 8000 | BO84: =E84*BN84 -> 3427840 | BP84: ='Analisa RAP IX'!AC66 -> 8569840 | BQ84: ='Analisa RAP IX'!AD66 -> 988809.67 | BR84: ='Analisa RAP IX'!AE66 -> 10.344659 | BS84: ='Analisa RAP IX'!AG66 -> 20000 | BT84: =E84*BS84 -> 8569600 | BU84: ='Analisa RAP IX'!AJ66 -> 8569600 | BV84: ='Analisa RAP IX'!AK66 -> 989049.67 | BW84: ='Analisa RAP IX'!AL66 -> 10.347169
A85: SUB TOTAL IX | H85: =SUM(H82:H84) -> 24103000 | I85: =SUM(I82:I84) -> 1.7752432 | J85: 0 | K85: =SUM(K82:K84) -> 4 | L85: =SUM(L82:L84) -> 0 | M85: =SUM(M82:M84) -> 0 | N85: =SUM(N82:N84) -> 0 | O85: =SUM(O82:O84) -> 12 | P85: =SUM(P82:P84) -> 0 | Q85: =SUM(Q82:Q84) -> 0 | R85: =SUM(R82:R84) -> 3 | ... BL85: =SUM(BL82:BL84) -> 1518000.3 | BM85: =BL85/H85*100 -> 6.2979725 | BN85: =SUM(BN82:BN84) -> 24000 | BO85: =SUM(BO82:BO84) -> 8481440 | BP85: =SUM(BP82:BP84) -> 21466440 | BQ85: =SUM(BQ82:BQ84) -> 2636560.3 | BR85: =BQ85/H85*100 -> 10.938723 | BS85: 0 | BT85: =SUM(BT82:BT84) -> 21771850 | BU85: =SUM(BU82:BU84) -> 21771850 | BV85: =SUM(BV82:BV84) -> 2331150.3 | BW85: =BV85/H85*100 -> 9.6716189
A86: TOTAL SELURUH (I+II+III+IV+V+VI+VII+VIII+IX) | H86: =H22+H29+H32+H54+H59+H63+H71+H80+H85 -> 1.3577295e+09 | I86: =I22+I29+I32+I54+I59+I63+I71+I80+I85 -> 100 | J86: 0 | K86: =K22+K29+K32+K54+K59+K63+K71+K80+K85 -> 443 | L86: =L22+L29+L32+L54+L59+L63+L71+L80+L85 -> 48 | M86: =M22+M29+M32+M54+M59+M63+M71+M80+M85 -> 74 | N86: =N22+N29+N32+N54+N59+N63+N71+N80+N85 -> 119 | O86: =O22+O29+O32+O54+O59+O63+O71+O80+O85 -> 12 | P86: =P22+P29+P32+P54+P59+P63+P71+P80+P85 -> 0 | Q86: =Q22+Q29+Q32+Q54+Q59+Q63+Q71+Q80+Q85 -> 0 | R86: =R22+R29+R32+R54+R59+R63+R71+R80+R85 -> 45 | ... BL86: =BL22+BL29+BL32+BL54+BL59+BL63+BL71+BL80+BL85 -> 1.7709025e+08 | BM86: =BL86/H86*100 -> 13.043118 | BN86: 0 | BO86: =BO22+BO29+BO32+BO54+BO59+BO63+BO71+BO80+BO85 -> 2.3713572e+08 | BP86: =BP22+BP29+BP32+BP54+BP59+BP63+BP71+BP80+BP85 -> 1.1672349e+09 | BQ86: =BQ22+BQ29+BQ32+BQ54+BQ59+BQ63+BQ71+BQ80+BQ85 -> 1.9049454e+08 | BR86: =BQ86/H86*100 -> 14.030375 | BS86: 0 | BT86: =BT22+BT29+BT32+BT54+BT59+BT63+BT71+BT80+BT85 -> 1.1397875e+09 | BU86: =BU22+BU29+BU32+BU54+BU59+BU63+BU71+BU80+BU85 -> 1.1415875e+09 | BV86: =BV22+BV29+BV32+BV54+BV59+BV63+BV71+BV80+BV85 -> 2.16142e+08 | BW86: =BV86/H86*100 -> 15.919372

Sheet Analisa RAP I
B1: ANALISA RENCANA ANGGARAN PROYEK (RAP)
B3: =+Rekapitulasi!A4 -> PEKERJAAN | D3: : | E3: =RAP!B18 -> PEKERJAAN PERSIAPAN
B5: Catatan :
C6: diinput dengan di link kan ke Bobot Nilai / Analisa Upah / Harga Bahan / Harga Material
C7: diinput manual (diisi manual)
B9: I.1. | C9: =RAP!B19 -> Pengukuran dan Pemasangan Bouwplank
B10: NO. | C10: SNI | D10: KODE | E10: KOEF. | F10: SAT. | G10: URAIAN PEKERJAAN | J10: RAP DENGAN BAYARAN (UPAH TENAGA HARIAN) | Y10: RAP DENGAN BAYARAN (UPAH TENAGA BORONGAN) | AF10: RAP DENGAN BAYARAN (UPAH TENAGA + MATERIAL BORONGAN)
J11: VOLUME | K11: DURASI | L11: JUMLAH RESOURCE | Q11: HARGA UPAH / MATERIAL / ALAT RAP | R11: BIAYA RESOURCE | U11: TOTAL BIAYA RAP | V11: TOTAL BIAYA RAB | W11: PROFIT DAN OVERHEAD | X11: % PROFIT DAN OVERHEAD | Y11: Harga Borong Jasa (Tenaga) | AA11: Total Harga Biaya Upah | AB11: Total Biaya Material + Peralatan | AC11: TOTAL BIAYA RAP | AD11: PROFIT DAN OVERHEAD | AE11: % PROFIT DAN OVERHEAD | AF11: Harga Borong Jasa (Tenaga + Material) | AH11: Total Harga Biaya Upah + Material | AI11: Total Biaya Peralatan | AJ11: TOTAL BIAYA RAP | AK11: PROFIT DAN OVERHEAD | AL11: % PROFIT DAN OVERHEAD
K12: (Hari) | L12: Jumlah Tenaga | M12: Jumlah Bahan | N12: Jumlah Alat | O12: Penyesuaian | P12: Satuan | Q12: (Rp) | R12: Biaya Tenaga | S12: Biaya Bahan | T12: Biaya Alat | U12: (Rp.) | V12: (Rp.) | W12: (Rp.) | X12: (%) | Y12: Harga (Rp) | Z12: Penyesuaian (Rp) | AA12: (Rp) | AB12: (Rp) | AC12: (Rp) | AD12: (Rp) | AE12: (Rp) | AF12: Harga (Rp) | AG12: Penyesuaian (Rp) | AH12: (Rp) | AI12: (Rp) | AJ12: (Rp) | AK12: (Rp) | AL12: (Rp)
B13: A | C13: B | D13: C | E13: D | F13: E | G13: F | J13: I | K13: J | L13: K = (D x I) / J | M13: L= D x I | N13: M = D x I | O13: N = Penyesuaian K, L, dan M | P13: O | Q13: P | R13: Q = J x N X P | S13: R = N x P | T13: S = N x P | U13: T = Total Q+R+S | V13: U | W13: V = U - T | X13: W = V/Ux 100 | Y13: X = Total Q / I | Z13: Y = Penyesuaian X | AA13: Z = Y x I | AB13: AA = Total R + Total S | AC13: AB = Z + AA | AD13: AC = U - AB | AE13: AD = AC/U X 100 | AF13: AE = (Total Q + Total R) / I | AG13: AF = Penyesuaian AE | AH13: AG = AF x I | AI13: AH = Total S | AJ13: AI = AG + AH | AK13: AJ = U - AI | AL13: AK = AJ/U X 100
B14: 1 | C14: A.2.2.1.4 | E14: 1 | F14: M' | G14: Pengukuran dan Pemasangan Bouwplank
F15: A | G15: TENAGA | J15: =RAP!E19 -> 126.61 | K15: 2 | U15: =SUM(R16:R24)+(SUM(S16:S24)+SUM(T16:T24)) -> 11470000 | V15: =RAP!H19 -> 12812932 | W15: =V15-U15 -> 1342932 | X15: =W15/V15*100 -> 10.481067 | Y15: =SUM(R16:R24)/J15 -> 16744.333 | Z15: 16000 | AA15: =J15*Z15 -> 2025760 | AB15: =SUM(S15:S24)+SUM(T15:T24) -> 9350000 | AC15: =AA15+AB15 -> 11375760 | AD15: =V15-AC15 -> 1437172 | AE15: =AD15/V15*100 -> 11.216574 | AF15: =(SUM(R15:R24)+SUM(S15:S24))/J15 -> 90593.16 | AG15: 90000 | AH15: =AG15*J15 -> 11394900 | AI15: =SUM(T15:T24) -> 0 | AJ15: =AH15+AI15 -> 11394900 | AK15: =V15-AJ15 -> 1418032 | AL15: =AK15/V15*100 -> 11.067194
D16: L.01 | E16: 0.1 | F16: OH | G16: Pekerja | L16: =E16*J15/K15 -> 6.3305 | O16: 6 | P16: =F16 -> OH | Q16: ='Analisa Upah RAP'!G5 -> 75000 | R16: =O16*Q16*K15 -> 900000
D17: L.02 | E17: 0.1 | F17: OH | G17: Tukang Kayu | L17: =E17*J15/K15 -> 6.3305 | O17: 6 | P17: =F17 -> OH | Q17: ='Analisa Upah RAP'!G6 -> 85000 | R17: =O17*Q17*K15 -> 1020000
D18: L.03 | E18: 0.01 | F18: OH | G18: Kepala Tukang | L18: =E18*J15/K15 -> 0.63305 | O18: 0 | P18: =F18 -> OH | Q18: ='Analisa Upah RAP'!G11 -> 90000 | R18: =O18*Q18*K15 -> 0
D19: L.04 | E19: 0.005 | F19: OH | G19: Mandor | L19: =E19*J15/K15 -> 0.316525 | O19: 1 | P19: =F19 -> OH | Q19: ='Analisa Upah RAP'!G12 -> 100000 | R19: =O19*Q19*K15 -> 200000
F20: B | G20: BAHAN
E21: 0.012 | F21: M3 | G21: Kayu Balok 5/7 | M21: =E21*J15 -> 1.51932 | O21: 1.5 | P21: =F21 -> M3 | Q21: ='Harga Bahan RAP'!G28 -> 3000000 | S21: =O21*Q21 -> 4500000
E22: 0.02 | F22: Kg | G22: Paku 2"- 3" | L22: =Q22/O22 -> 8000 | M22: =E22*J15 -> 2.5322 | O22: 2.5 | P22: =F22 -> Kg | Q22: ='Harga Bahan RAP'!G122 -> 20000 | S22: =O22*Q22 -> 50000
E23: 0.007 | F23: M3 | G23: Kayu Papan 3/20 | M23: =E23*J15 -> 0.88627 | O23: 1 | P23: =F23 -> M3 | Q23: ='Harga Bahan RAP'!G27 -> 4800000 | S23: =O23*Q23 -> 4800000
F24: C | G24: PERALATAN | O24: 0 | P24: 0 | Q24: 0 | T24: =O24*Q24 -> 0
F25: D | G25: Jumlah A + B + C
F26: E | G26: Overhead & Profit | I26: 0.15
F27: F | G27: Harga Satuan Pekerjaan ( D + E )
B29: I.2 | C29: =RAP!B20 -> Pembersihan Lapangan dan Perataan
B30: NO. | C30: SNI | D30: KODE | E30: KOEF. | F30: SAT. | G30: URAIAN PEKERJAAN | J30: RAP DENGAN BAYARAN (UPAH TENAGA HARIAN) | Y30: RAP DENGAN BAYARAN (UPAH TENAGA BORONGAN) | AF30: RAP DENGAN BAYARAN (UPAH TENAGA + MATERIAL BORONGAN)
J31: VOLUME | K31: DURASI | L31: JUMLAH RESOURCE | Q31: HARGA UPAH / MATERIAL / ALAT RAP | R31: BIAYA RESOURCE | U31: TOTAL BIAYA RAP | V31: TOTAL BIAYA RAB | W31: PROFIT DAN OVERHEAD | X31: % PROFIT DAN OVERHEAD | Y31: Harga Borong Jasa (Tenaga) | AA31: Total Harga Biaya Upah | AB31: Total Biaya Material + Peralatan | AC31: TOTAL BIAYA RAP | AD31: PROFIT DAN OVERHEAD | AE31: % PROFIT DAN OVERHEAD | AF31: Harga Borong Jasa (Tenaga + Material) | AH31: Total Harga Biaya Upah + Material | AI31: Total Biaya Peralatan | AJ31: TOTAL BIAYA RAP | AK31: PROFIT DAN OVERHEAD | AL31: % PROFIT DAN OVERHEAD
K32: (Hari) | L32: Jumlah Tenaga | M32: Jumlah Bahan | N32: Jumlah Alat | O32: Penyesuaian | P32: Satuan | Q32: (Rp) | R32: Biaya Tenaga | S32: Biaya Bahan | T32: Biaya Alat | U32: (Rp.) | V32: (Rp.) | W32: (Rp.) | X32: (%) | Y32: Harga (Rp) | Z32: Penyesuaian (Rp) | AA32: (Rp) | AB32: (Rp) | AC32: (Rp) | AD32: (Rp) | AE32: (Rp) | AF32: Harga (Rp) | AG32: Penyesuaian (Rp) | AH32: (Rp) | AI32: (Rp) | AJ32: (Rp) | AK32: (Rp) | AL32: (Rp)
B33: A | C33: B | D33: C | E33: D | F33: E | G33: F | J33: I | K33: J | L33: K = (D x I) / J | M33: L= D x I | N33: M = D x I | O33: N = Penyesuaian K, L, dan M | P33: O | Q33: P | R33: Q = J x N X P | S33: R = N x P | T33: S = N x P | U33: T = Total Q+R+S | V33: U | W33: V = U - T | X33: W = V/Ux 100 | Y33: X = Total Q / I | Z33: Y = Penyesuaian X | AA33: Z = Y x I | AB33: AA = Total R + Total S | AC33: AB = Z + AA | AD33: AC = U - AB | AE33: AD = AC/U X 100 | AF33: AE = (Total Q + Total R) / I | AG33: AF = Penyesuaian AE | AH33: AG = AF x I | AI33: AH = Total S | AJ33: AI = AG + AH | AK33: AJ = U - AI | AL33: AK = AJ/U X 100
B34: 2 | C34: A.2.2.1.9 | E34: 1 | F34: M2 | G34: Membersihkan Lapangan dan Perataan
F35: A | G35: TENAGA | J35: =RAP!E20 -> 180 | K35: 3 | U35: =SUM(R36:R43)+(SUM(S36:S43)+SUM(T36:T43)) -> 1650000 | V35: =RAP!H20 -> 2691000 | W35: =V35-U35 -> 1041000 | X35: =W35/V35*100 -> 38.684504 | Y35: =SUM(R36:R43)/J35 -> 9166.6667 | Z35: 9000 | AA35: =J35*Z35 -> 1620000 | AB35: =SUM(S35:S43)+SUM(T35:T43) -> 0 | AC35: =AA35+AB35 -> 1620000 | AD35: =V35-AC35 -> 1071000 | AE35: =AD35/V35*100 -> 39.799331 | AF35: =(SUM(R35:R43)+SUM(S35:S43))/J35 -> 9166.6667 | AG35: 9000 | AH35: =AG35*J35 -> 1620000 | AI35: =SUM(T35:T43) -> 0 | AJ35: =AH35+AI35 -> 1620000 | AK35: =V35-AJ35 -> 1071000 | AL35: =AK35/V35*100 -> 39.799331
D36: L.01 | E36: 0.1 | F36: OH | G36: Pekerja | L36: =E36*J35/K35 -> 6 | O36: 6 | P36: =F36 -> OH | Q36: ='Analisa Upah RAP'!G5 -> 75000 | R36: =O36*Q36*K35 -> 1350000
D37: L.04 | E37: 0.05 | F37: OH | G37: Mandor | L37: =E37*J35/K35 -> 3 | O37: 1 | P37: =F37 -> OH | Q37: ='Analisa Upah RAP'!G12 -> 100000 | R37: =O37*Q37*K35 -> 300000
F38: B | G38: BAHAN
E39: 0 | F39: - | G39: - | M39: =E39*J35 -> 0 | O39: 0 | P39: =E39 -> 0 | Q39: 0 | S39: =O39*Q39 -> 0
E40: 0 | F40: - | G40: - | M40: =E40*J35 -> 0 | O40: 0 | P40: =E40 -> 0 | Q40: 0 | S40: =O40*Q40 -> 0
E41: 0 | F41: - | G41: - | M41: =E41*J35 -> 0 | O41: 0 | P41: =E41 -> 0 | Q41: 0 | S41: =O41*Q41 -> 0
F42: C | G42: PERALATAN | P42: =E42 -> 0 | Q42: 0
E43: 0 | F43: - | G43: - | N43: =E43*J35 -> 0 | O43: 0 | P43: =E43 -> 0 | Q43: 0 | T43: =O43*Q43 -> 0
F44: D | G44: Jumlah A + B + C
F45: E | G45: Overhead & Profit | I45: 0.15
F46: F | G46: Harga Satuan Pekerjaan ( D + E )
B48: I.3 | C48: =RAP!B21 -> Mobilisasi dan Demobilisasi Alat
B49: NO. | C49: SNI | D49: KODE | E49: KOEF. | F49: SAT. | G49: URAIAN PEKERJAAN | J49: RAP DENGAN BAYARAN (UPAH TENAGA HARIAN) | Y49: RAP DENGAN BAYARAN (UPAH TENAGA BORONGAN) | AF49: RAP DENGAN BAYARAN (UPAH TENAGA + MATERIAL BORONGAN)
J50: VOLUME | K50: DURASI | L50: JUMLAH RESOURCE | Q50: HARGA UPAH / MATERIAL / ALAT RAP | R50: BIAYA RESOURCE | U50: TOTAL BIAYA RAP | V50: TOTAL BIAYA RAB | W50: PROFIT DAN OVERHEAD | X50: % PROFIT DAN OVERHEAD | Y50: Harga Borong Jasa (Tenaga) | AA50: Total Harga Biaya Upah | AB50: Total Biaya Material + Peralatan | AC50: TOTAL BIAYA RAP | AD50: PROFIT DAN OVERHEAD | AE50: % PROFIT DAN OVERHEAD | AF50: Harga Borong Jasa (Tenaga + Material) | AH50: Total Harga Biaya Upah + Material | AI50: Total Biaya Peralatan | AJ50: TOTAL BIAYA RAP | AK50: PROFIT DAN OVERHEAD | AL50: % PROFIT DAN OVERHEAD
K51: (Hari) | L51: Jumlah Tenaga | M51: Jumlah Bahan | N51: Jumlah Alat | O51: Penyesuaian | P51: Satuan | Q51: (Rp) | R51: Biaya Tenaga | S51: Biaya Bahan | T51: Biaya Alat | U51: (Rp.) | V51: (Rp.) | W51: (Rp.) | X51: (%) | Y51: Harga (Rp) | Z51: Penyesuaian (Rp) | AA51: (Rp) | AB51: (Rp) | AC51: (Rp) | AD51: (Rp) | AE51: (Rp) | AF51: Harga (Rp) | AG51: Penyesuaian (Rp) | AH51: (Rp) | AI51: (Rp) | AJ51: (Rp) | AK51: (Rp) | AL51: (Rp)
B52: A | C52: B | D52: C | E52: D | F52: E | G52: F | J52: I | K52: J | L52: K = (D x I) / J | M52: L= D x I | N52: M = D x I | O52: N = Penyesuaian K, L, dan M | P52: O | Q52: P | R52: Q = J x N X P | S52: R = N x P | T52: S = N x P | U52: T = Total Q+R+S | V52: U | W52: V = U - T | X52: W = V/Ux 100 | Y52: X = Total Q / I | Z52: Y = Penyesuaian X | AA52: Z = Y x I | AB52: AA = Total R + Total S | AC52: AB = Z + AA | AD52: AC = U - AB | AE52: AD = AC/U X 100 | AF52: AE = (Total Q + Total R) / I | AG52: AF = Penyesuaian AE | AH52: AG = AF x I | AI52: AH = Total S | AJ52: AI = AG + AH | AK52: AJ = U - AI | AL52: AK = AJ/U X 100
B53: 3 | C53: Taksir | E53: 1 | F53: Ls | G53: Mobilisasi dan Demobilisasi
F54: A | G54: TENAGA | J54: =RAP!E21 -> 1 | K54: 4 | U54: =SUM(R55:R64)+(SUM(S55:S64)+SUM(T55:T64)) -> 15000000 | V54: =RAP!H21 -> 15000000 | W54: =V54-U54 -> 0 | X54: =W54/V54*100 -> 0 | Y54: =SUM(R55:R64)/J54 -> 15000000 | Z54: 15000000 | AA54: =J54*Z54 -> 15000000 | AB54: =SUM(S54:S64)+SUM(T54:T64) -> 0 | AC54: =AA54+AB54 -> 15000000 | AD54: =V54-AC54 -> 0 | AE54: =AD54/V54*100 -> 0 | AF54: =(SUM(R54:R64)+SUM(S54:S64))/J54 -> 15000000 | AG54: 15000000 | AH54: =AG54*J54 -> 15000000 | AI54: =SUM(T54:T64) -> 0 | AJ54: =AH54+AI54 -> 15000000 | AK54: =V54-AJ54 -> 0 | AL54: =AK54/V54*100 -> 0
D55: - | E55: 1 | F55: Ls | G55: Mobilisasi dan Demobilisasi | L55: =E55*J54/K54 -> 0.25 | O55: 0.25 | P55: =F55 -> Ls | Q55: ='Harga Alat RAP'!G34 -> 15000000 | R55: =O55*Q55*K54 -> 15000000
D56: - | E56: 0 | F56: - | G56: - | L56: =E56*J54/K54 -> 0 | O56: 0 | P56: =F56 -> - | Q56: 0 | R56: =O56*Q56*K54 -> 0
D57: - | E57: 0 | F57: - | G57: - | L57: =E57*J54/K54 -> 0 | O57: 0 | P57: =F57 -> - | Q57: 0 | R57: =O57*Q57*K54 -> 0
D58: - | E58: 0 | F58: - | G58: - | L58: =E58*J54/K54 -> 0 | O58: 0 | P58: =F58 -> - | Q58: 0 | R58: =O58*Q58*K54 -> 0
F59: B | G59: BAHAN
E60: 0 | F60: - | G60: - | M60: =E60*J54 -> 0 | O60: 0 | P60: =E60 -> 0 | Q60: 0 | S60: =O60*Q60 -> 0
E61: 0 | F61: - | G61: - | M61: =E61*J54 -> 0 | O61: 0 | P61: =E61 -> 0 | Q61: 0 | S61: =O61*Q61 -> 0
E62: 0 | F62: - | G62: - | M62: =E62*J54 -> 0 | O62: 0 | P62: =E62 -> 0 | Q62: 0 | S62: =O62*Q62 -> 0
F63: C | G63: PERALATAN | P63: =E63 -> 0 | Q63: 0
E64: 0 | F64: - | G64: - | N64: =E64*J54 -> 0 | O64: 0 | P64: =E64 -> 0 | Q64: 0 | T64: =O64*Q64 -> 0
F65: D | G65: Jumlah A + B + C
F66: E | G66: Overhead & Profit | I66: 0
F67: F | G67: Harga Satuan Pekerjaan ( D + E )

Sheet Analisa RAP II
B1: ANALISA RENCANA ANGGARAN PROYEK (RAP)
B3: =+Rekapitulasi!A4 -> PEKERJAAN | D3: : | E3: =RAP!B23 -> PEKERJAAN TANAH
B5: Catatan :
C6: diinput dengan di link kan ke Bobot Nilai / Analisa Upah / Harga Bahan / Harga Material
C7: diinput manual (diisi manual)
B9: II.1 | C9: =RAP!B24 -> Galian Tanah Biasa 1 m
B10: NO. | C10: SNI | D10: KODE | E10: KOEF. | F10: SAT. | G10: URAIAN PEKERJAAN | J10: RAP DENGAN BAYARAN (UPAH TENAGA HARIAN) | Y10: RAP DENGAN BAYARAN (UPAH TENAGA BORONGAN) | AF10: RAP DENGAN BAYARAN (UPAH TENAGA + MATERIAL BORONGAN)
J11: VOLUME | K11: DURASI | L11: JUMLAH RESOURCE | Q11: HARGA UPAH / MATERIAL / ALAT RAP | R11: BIAYA RESOURCE | U11: TOTAL BIAYA RAP | V11: TOTAL BIAYA RAB | W11: PROFIT DAN OVERHEAD | X11: % PROFIT DAN OVERHEAD | Y11: Harga Borong Jasa (Tenaga) | AA11: Total Harga Biaya Upah | AB11: Total Biaya Material + Peralatan | AC11: TOTAL BIAYA RAP | AD11: PROFIT DAN OVERHEAD | AE11: % PROFIT DAN OVERHEAD | AF11: Harga Borong Jasa (Tenaga + Material) | AH11: Total Harga Biaya Upah + Material | AI11: Total Biaya Peralatan | AJ11: TOTAL BIAYA RAP | AK11: PROFIT DAN OVERHEAD | AL11: % PROFIT DAN OVERHEAD
K12: (Hari) | L12: Jumlah Tenaga | M12: Jumlah Bahan | N12: Jumlah Alat | O12: Penyesuaian | P12: Satuan | Q12: (Rp) | R12: Biaya Tenaga | S12: Biaya Bahan | T12: Biaya Alat | U12: (Rp.) | V12: (Rp.) | W12: (Rp.) | X12: (%) | Y12: Harga (Rp) | Z12: Penyesuaian (Rp) | AA12: (Rp) | AB12: (Rp) | AC12: (Rp) | AD12: (Rp) | AE12: (Rp) | AF12: Harga (Rp) | AG12: Penyesuaian (Rp) | AH12: (Rp) | AI12: (Rp) | AJ12: (Rp) | AK12: (Rp) | AL12: (Rp)
B13: A | C13: B | D13: C | E13: D | F13: E | G13: F | J13: I | K13: J | L13: K = (D x I) / J | M13: L= D x I | N13: M = D x I | O13: N = Penyesuaian K, L, dan M | P13: O | Q13: P | R13: Q = J x N X P | S13: R = N x P | T13: S = N x P | U13: T = Total Q+R+S | V13: U | W13: V = U - T | X13: W = V/Ux 100 | Y13: X = Total Q / I | Z13: Y = Penyesuaian X | AA13: Z = Y x I | AB13: AA = Total R + Total S | AC13: AB = Z + AA | AD13: AC = U - AB | AE13: AD = AC/U X 100 | AF13: AE = (Total Q + Total R) / I | AG13: AF = Penyesuaian AE | AH13: AG = AF x I | AI13: AH = Total S | AJ13: AI = AG + AH | AK13: AJ = U - AI | AL13: AK = AJ/U X 100
B14: 1 | C14: A.2.3.1.1 | E14: 1 | F14: M3 | G14: Menggali Tanah Biasa sedalam 1 M
F15: A | G15: TENAGA | J15: =RAP!E24 -> 40 | K15: 3 | U15: =SUM(R16:R23)+(SUM(S16:S23)+SUM(T16:T23)) -> 2550000 | V15: =RAP!H24 -> 2714000 | W15: =V15-U15 -> 164000 | X15: =W15/V15*100 -> 6.0427413 | Y15: =SUM(R16:R23)/J15 -> 63750 | Z15: 60000 | AA15: =J15*Z15 -> 2400000 | AB15: =SUM(S15:S23)+SUM(T15:T23) -> 0 | AC15: =AA15+AB15 -> 2400000 | AD15: =V15-AC15 -> 314000 | AE15: =AD15/V15*100 -> 11.569639 | AF15: =(SUM(R15:R23)+SUM(S15:S23))/J15 -> 63750 | AG15: 60000 | AH15: =AG15*J15 -> 2400000 | AI15: =SUM(T15:T23) -> 0 | AJ15: =AH15+AI15 -> 2400000 | AK15: =V15-AJ15 -> 314000 | AL15: =AK15/V15*100 -> 11.569639
D16: L.01 | E16: 0.75 | F16: OH | G16: Pekerja | L16: =E16*J15/K15 -> 10 | O16: 10 | P16: =F16 -> OH | Q16: ='Analisa Upah RAP'!G5 -> 75000 | R16: =O16*Q16*K15 -> 2250000
D17: L.04 | E17: 0.025 | F17: OH | G17: Mandor | L17: =E17*J15/K15 -> 0.33333333 | O17: 1 | P17: =F17 -> OH | Q17: ='Analisa Upah RAP'!G12 -> 100000 | R17: =O17*Q17*K15 -> 300000
F18: B | G18: BAHAN
E19: 0 | F19: - | G19: - | M19: =E19*J15 -> 0 | O19: 0 | P19: =E19 -> 0 | Q19: 0 | S19: =O19*Q19 -> 0
E20: 0 | F20: - | G20: - | M20: =E20*J15 -> 0 | O20: 0 | P20: =E20 -> 0 | Q20: 0 | S20: =O20*Q20 -> 0
E21: 0 | F21: - | G21: - | M21: =E21*J15 -> 0 | O21: 0 | P21: =E21 -> 0 | Q21: 0 | S21: =O21*Q21 -> 0
F22: C | G22: PERALATAN | P22: =E22 -> 0 | Q22: 0
E23: 0 | F23: - | G23: - | N23: =E23*J15 -> 0 | O23: 0 | P23: =E23 -> 0 | Q23: 0 | T23: =O23*Q23 -> 0
F24: D | G24: Jumlah A + B + C
F25: E | G25: Overhead & Profit | I25: 0.15
F26: F | G26: Harga Satuan Pekerjaan ( D + E )
B28: II.2 | C28: =RAP!B25 -> Galian Tanah Biasa 2 m
B29: NO. | C29: SNI | D29: KODE | E29: KOEF. | F29: SAT. | G29: URAIAN PEKERJAAN | J29: RAP DENGAN BAYARAN (UPAH TENAGA HARIAN) | Y29: RAP DENGAN BAYARAN (UPAH TENAGA BORONGAN) | AF29: RAP DENGAN BAYARAN (UPAH TENAGA + MATERIAL BORONGAN)
J30: VOLUME | K30: DURASI | L30: JUMLAH RESOURCE | Q30: HARGA UPAH / MATERIAL / ALAT RAP | R30: BIAYA RESOURCE | U30: TOTAL BIAYA RAP | V30: TOTAL BIAYA RAB | W30: PROFIT DAN OVERHEAD | X30: % PROFIT DAN OVERHEAD | Y30: Harga Borong Jasa (Tenaga) | AA30: Total Harga Biaya Upah | AB30: Total Biaya Material + Peralatan | AC30: TOTAL BIAYA RAP | AD30: PROFIT DAN OVERHEAD | AE30: % PROFIT DAN OVERHEAD | AF30: Harga Borong Jasa (Tenaga + Material) | AH30: Total Harga Biaya Upah + Material | AI30: Total Biaya Peralatan | AJ30: TOTAL BIAYA RAP | AK30: PROFIT DAN OVERHEAD | AL30: % PROFIT DAN OVERHEAD
K31: (Hari) | L31: Jumlah Tenaga | M31: Jumlah Bahan | N31: Jumlah Alat | O31: Penyesuaian | P31: Satuan | Q31: (Rp) | R31: Biaya Tenaga | S31: Biaya Bahan | T31: Biaya Alat | U31: (Rp.) | V31: (Rp.) | W31: (Rp.) | X31: (%) | Y31: Harga (Rp) | Z31: Penyesuaian (Rp) | AA31: (Rp) | AB31: (Rp) | AC31: (Rp) | AD31: (Rp) | AE31: (Rp) | AF31: Harga (Rp) | AG31: Penyesuaian (Rp) | AH31: (Rp) | AI31: (Rp) | AJ31: (Rp) | AK31: (Rp) | AL31: (Rp)
B32: A | C32: B | D32: C | E32: D | F32: E | G32: F | J32: I | K32: J | L32: K = (D x I) / J | M32: L= D x I | N32: M = D x I | O32: N = Penyesuaian K, L, dan M | P32: O | Q32: P | R32: Q = J x N X P | S32: R = N x P | T32: S = N x P | U32: T = Total Q+R+S | V32: U | W32: V = U - T | X32: W = V/Ux 100 | Y32: X = Total Q / I | Z32: Y = Penyesuaian X | AA32: Z = Y x I | AB32: AA = Total R + Total S | AC32: AB = Z + AA | AD32: AC = U - AB | AE32: AD = AC/U X 100 | AF32: AE = (Total Q + Total R) / I | AG32: AF = Penyesuaian AE | AH32: AG = AF x I | AI32: AH = Total S | AJ32: AI = AG + AH | AK32: AJ = U - AI | AL32: AK = AJ/U X 100
B33: 2 | C33: A.2.3.1.2 | E33: 1 | F33: M3 | G33: Menggali Tanah Biasa sedalam 2 M
F34: A | G34: TENAGA | J34: =RAP!E25 -> 28 | K34: 4 | U34: =SUM(R35:R41)+(SUM(S35:S41)+SUM(T35:T41)) -> 2200000 | V34: =RAP!H25 -> 2332890 | W34: =V34-U34 -> 132890 | X34: =W34/V34*100 -> 5.696368 | Y34: =SUM(R35:R41)/J34 -> 78571.429 | Z34: 60000 | AA34: =J34*Z34 -> 1680000 | AB34: =SUM(S34:S41)+SUM(T34:T41) -> 0 | AC34: =AA34+AB34 -> 1680000 | AD34: =V34-AC34 -> 652890 | AE34: =AD34/V34*100 -> 27.986317 | AF34: =(SUM(R34:R41)+SUM(S34:S41))/J34 -> 78571.429 | AG34: 60000 | AH34: =AG34*J34 -> 1680000 | AI34: =SUM(T34:T41) -> 0 | AJ34: =AH34+AI34 -> 1680000 | AK34: =V34-AJ34 -> 652890 | AL34: =AK34/V34*100 -> 27.986317
D35: L.01 | E35: 0.9 | F35: OH | G35: Pekerja | L35: =E35*J34/K34 -> 6.3 | O35: 6 | P35: =F35 -> OH | Q35: ='Analisa Upah RAP'!G5 -> 75000 | R35: =O35*Q35*K34 -> 1800000
D36: L.04 | E36: 0.045 | F36: OH | G36: Mandor | L36: =E36*J34/K34 -> 0.315 | O36: 1 | P36: =F36 -> OH | Q36: ='Analisa Upah RAP'!G12 -> 100000 | R36: =O36*Q36*K34 -> 400000
F37: B | G37: BAHAN | M37: =E37*J34 -> 0 | O37: 0 | P37: =E37 -> 0 | Q37: 0 | S37: =O37*Q37 -> 0
E38: 0 | F38: - | G38: - | M38: =E38*J34 -> 0 | O38: 0 | P38: =E38 -> 0 | Q38: 0 | S38: =O38*Q38 -> 0
E39: 0 | F39: - | G39: - | M39: =E39*J34 -> 0 | O39: 0 | P39: =E39 -> 0 | Q39: 0 | S39: =O39*Q39 -> 0
E40: 0 | F40: - | G40: - | M40: =E40*J34 -> 0 | O40: 0 | P40: =E40 -> 0 | Q40: 0 | S40: =O40*Q40 -> 0
F41: C | G41: PERALATAN | P41: =E41 -> 0 | Q41: 0
E42: 0 | F42: - | G42: - | N42: =E42*J34 -> 0 | O42: 0 | P42: =E42 -> 0 | Q42: 0 | T42: =O42*Q42 -> 0
F43: D | G43: Jumlah A + B + C
F44: E | G44: Overhead & Profit | I44: 0.15
F45: F | G45: Harga Satuan Pekerjaan ( D + E )
B47: II.3 | C47: =RAP!B26 -> Urugan Tanah Kembali
B48: NO. | C48: SNI | D48: KODE | E48: KOEF. | F48: SAT. | G48: URAIAN PEKERJAAN | J48: RAP DENGAN BAYARAN (UPAH TENAGA HARIAN) | Y48: RAP DENGAN BAYARAN (UPAH TENAGA BORONGAN) | AF48: RAP DENGAN BAYARAN (UPAH TENAGA + MATERIAL BORONGAN)
J49: VOLUME | K49: DURASI | L49: JUMLAH RESOURCE | Q49: HARGA UPAH / MATERIAL / ALAT RAP | R49: BIAYA RESOURCE | U49: TOTAL BIAYA RAP | V49: TOTAL BIAYA RAB | W49: PROFIT DAN OVERHEAD | X49: % PROFIT DAN OVERHEAD | Y49: Harga Borong Jasa (Tenaga) | AA49: Total Harga Biaya Upah | AB49: Total Biaya Material + Peralatan | AC49: TOTAL BIAYA RAP | AD49: PROFIT DAN OVERHEAD | AE49: % PROFIT DAN OVERHEAD | AF49: Harga Borong Jasa (Tenaga + Material) | AH49: Total Harga Biaya Upah + Material | AI49: Total Biaya Peralatan | AJ49: TOTAL BIAYA RAP | AK49: PROFIT DAN OVERHEAD | AL49: % PROFIT DAN OVERHEAD
K50: (Hari) | L50: Jumlah Tenaga | M50: Jumlah Bahan | N50: Jumlah Alat | O50: Penyesuaian | P50: Satuan | Q50: (Rp) | R50: Biaya Tenaga | S50: Biaya Bahan | T50: Biaya Alat | U50: (Rp.) | V50: (Rp.) | W50: (Rp.) | X50: (%) | Y50: Harga (Rp) | Z50: Penyesuaian (Rp) | AA50: (Rp) | AB50: (Rp) | AC50: (Rp) | AD50: (Rp) | AE50: (Rp) | AF50: Harga (Rp) | AG50: Penyesuaian (Rp) | AH50: (Rp) | AI50: (Rp) | AJ50: (Rp) | AK50: (Rp) | AL50: (Rp)
B51: A | C51: B | D51: C | E51: D | F51: E | G51: F | J51: I | K51: J | L51: K = (D x I) / J | M51: L= D x I | N51: M = D x I | O51: N = Penyesuaian K, L, dan M | P51: O | Q51: P | R51: Q = J x N X P | S51: R = N x P | T51: S = N x P | U51: T = Total Q+R+S | V51: U | W51: V = U - T | X51: W = V/Ux 100 | Y51: X = Total Q / I | Z51: Y = Penyesuaian X | AA51: Z = Y x I | AB51: AA = Total R + Total S | AC51: AB = Z + AA | AD51: AC = U - AB | AE51: AD = AC/U X 100 | AF51: AE = (Total Q + Total R) / I | AG51: AF = Penyesuaian AE | AH51: AG = AF x I | AI51: AH = Total S | AJ51: AI = AG + AH | AK51: AJ = U - AI | AL51: AK = AJ/U X 100
B52: 3 | C52: A.2.3.1.9 | E52: 1 | F52: M3 | G52: Pengurugan Kembali
G53: (di hitung dari 1/3 kali koefisien Pekerjaan galian)
F54: A | G54: TENAGA | J54: =RAP!E26 -> 16 | K54: 1 | U54: =SUM(R55:R60)+(SUM(S55:S60)+SUM(T55:T60)) -> 250000 | V54: =RAP!H26 -> 263733.33 | W54: =V54-U54 -> 13733.33 | X54: =W54/V54*100 -> 5.2072789 | Y54: =SUM(R55:R60)/J54 -> 15625 | Z54: 15000 | AA54: =J54*Z54 -> 240000 | AB54: =SUM(S54:S60)+SUM(T54:T60) -> 0 | AC54: =AA54+AB54 -> 240000 | AD54: =V54-AC54 -> 23733.33 | AE54: =AD54/V54*100 -> 8.9989877 | AF54: =(SUM(R54:R60)+SUM(S54:S60))/J54 -> 15625 | AG54: 15000 | AH54: =AG54*J54 -> 240000 | AI54: =SUM(T54:T60) -> 0 | AJ54: =AH54+AI54 -> 240000 | AK54: =V54-AJ54 -> 23733.33 | AL54: =AK54/V54*100 -> 8.9989877
D55: L.01 | E55: =0.5/3 -> 0.16666667 | F55: OH | G55: Pekerja | L55: =E55*J54/K54 -> 2.6666667 | O55: 2 | P55: =F55 -> OH | Q55: ='Analisa Upah RAP'!G5 -> 75000 | R55: =O55*Q55*K54 -> 150000
D56: L.04 | E56: =0.05/3 -> 0.016666667 | F56: OH | G56: Mandor | L56: =E56*J54/K54 -> 0.26666667 | O56: 1 | P56: =F56 -> OH | Q56: ='Analisa Upah RAP'!G12 -> 100000 | R56: =O56*Q56*K54 -> 100000
F57: B | G57: BAHAN | M57: =E57*J54 -> 0 | O57: 0 | P57: =E57 -> 0 | Q57: 0 | S57: =O57*Q57 -> 0
E58: 0 | F58: - | G58: - | M58: =E58*J54 -> 0 | O58: 0 | P58: =E58 -> 0 | Q58: 0 | S58: =O58*Q58 -> 0
E59: 0 | F59: - | G59: - | P59: =E59 -> 0 | Q59: 0
E60: 0 | F60: - | G60: - | M60: =E60*J54 -> 0 | O60: 0 | P60: =E60 -> 0 | Q60: 0 | S60: =O60*Q60 -> 0
F61: C | G61: PERALATAN | P61: =E61 -> 0 | Q61: 0
E62: 0 | F62: - | G62: - | N62: =E62*J54 -> 0 | O62: 0 | P62: =E62 -> 0 | Q62: 0 | T62: =O62*Q62 -> 0
F63: D | G63: Jumlah A + B + C
F64: E | G64: Overhead & Profit | I64: 0.15
F65: F | G65: Harga Satuan Pekerjaan ( D + E )
B67: II.4 | C67: =RAP!B27 -> Urugan Pasir Bawah Pondasi dan Sloof
B68: NO. | C68: SNI | D68: KODE | E68: KOEF. | F68: SAT. | G68: URAIAN PEKERJAAN | J68: RAP DENGAN BAYARAN (UPAH TENAGA HARIAN) | Y68: RAP DENGAN BAYARAN (UPAH TENAGA BORONGAN) | AF68: RAP DENGAN BAYARAN (UPAH TENAGA + MATERIAL BORONGAN)
J69: VOLUME | K69: DURASI | L69: JUMLAH RESOURCE | Q69: HARGA UPAH / MATERIAL / ALAT RAP | R69: BIAYA RESOURCE | U69: TOTAL BIAYA RAP | V69: TOTAL BIAYA RAB | W69: PROFIT DAN OVERHEAD | X69: % PROFIT DAN OVERHEAD | Y69: Harga Borong Jasa (Tenaga) | AA69: Total Harga Biaya Upah | AB69: Total Biaya Material + Peralatan | AC69: TOTAL BIAYA RAP | AD69: PROFIT DAN OVERHEAD | AE69: % PROFIT DAN OVERHEAD | AF69: Harga Borong Jasa (Tenaga + Material) | AH69: Total Harga Biaya Upah + Material | AI69: Total Biaya Peralatan | AJ69: TOTAL BIAYA RAP | AK69: PROFIT DAN OVERHEAD | AL69: % PROFIT DAN OVERHEAD
K70: (Hari) | L70: Jumlah Tenaga | M70: Jumlah Bahan | N70: Jumlah Alat | O70: Penyesuaian | P70: Satuan | Q70: (Rp) | R70: Biaya Tenaga | S70: Biaya Bahan | T70: Biaya Alat | U70: (Rp.) | V70: (Rp.) | W70: (Rp.) | X70: (%) | Y70: Harga (Rp) | Z70: Penyesuaian (Rp) | AA70: (Rp) | AB70: (Rp) | AC70: (Rp) | AD70: (Rp) | AE70: (Rp) | AF70: Harga (Rp) | AG70: Penyesuaian (Rp) | AH70: (Rp) | AI70: (Rp) | AJ70: (Rp) | AK70: (Rp) | AL70: (Rp)
B71: A | C71: B | D71: C | E71: D | F71: E | G71: F | J71: I | K71: J | L71: K = (D x I) / J | M71: L= D x I | N71: M = D x I | O71: N = Penyesuaian K, L, dan M | P71: O | Q71: P | R71: Q = J x N X P | S71: R = N x P | T71: S = N x P | U71: T = Total Q+R+S | V71: U | W71: V = U - T | X71: W = V/Ux 100 | Y71: X = Total Q / I | Z71: Y = Penyesuaian X | AA71: Z = Y x I | AB71: AA = Total R + Total S | AC71: AB = Z + AA | AD71: AC = U - AB | AE71: AD = AC/U X 100 | AF71: AE = (Total Q + Total R) / I | AG71: AF = Penyesuaian AE | AH71: AG = AF x I | AI71: AH = Total S | AJ71: AI = AG + AH | AK71: AJ = U - AI | AL71: AK = AJ/U X 100
B72: 4 | C72: A.2.3.1.11 | E72: 1 | F72: M3 | G72: Urugan Pasir bawah Pasangan / lantai
F73: A | G73: TENAGA | J73: =RAP!E27 -> 8.76 | K73: 1 | U73: =SUM(R74:R79)+(SUM(S74:S79)+SUM(T74:T79)) -> 3737500 | V73: =RAP!H27 -> 4166606.4 | W73: =V73-U73 -> 429106.4 | X73: =W73/V73*100 -> 10.298703 | Y73: =SUM(R74:R79)/J73 -> 37100.457 | Z73: 32500 | AA73: =J73*Z73 -> 284700 | AB73: =SUM(S73:S79)+SUM(T73:T79) -> 3412500 | AC73: =AA73+AB73 -> 3697200 | AD73: =V73-AC73 -> 469406.4 | AE73: =AD73/V73*100 -> 11.265917 | AF73: =(SUM(R73:R79)+SUM(S73:S79))/J73 -> 426655.25 | AG73: 420000 | AH73: =AG73*J73 -> 3679200 | AI73: =SUM(T73:T79) -> 0 | AJ73: =AH73+AI73 -> 3679200 | AK73: =V73-AJ73 -> 487406.4 | AL73: =AK73/V73*100 -> 11.697923
D74: L.01 | E74: 0.3 | F74: OH | G74: Pekerja | L74: =E74*J73/K73 -> 2.628 | O74: 3 | P74: =F74 -> OH | Q74: ='Analisa Upah RAP'!G5 -> 75000 | R74: =O74*Q74*K73 -> 225000
D75: L.04 | E75: 0.01 | F75: OH | G75: Mandor | L75: =E75*J73/K73 -> 0.0876 | O75: 1 | P75: =F75 -> OH | Q75: ='Analisa Upah RAP'!G12 -> 100000 | R75: =O75*Q75*K73 -> 100000
F76: B | G76: BAHAN | M76: =E76*J73 -> 0 | O76: 0 | P76: =E76 -> 0 | Q76: 0 | S76: =O76*Q76 -> 0
E77: 1.2 | F77: m3 | G77: Pasir Urug | M77: =E77*J73 -> 10.512 | O77: 10.5 | P77: =F77 -> m3 | Q77: ='Harga Bahan RAP'!G9 -> 325000 | S77: =O77*Q77 -> 3412500
E78: 0 | F78: - | G78: - | P78: =E78 -> 0 | Q78: 0
E79: 0 | F79: - | G79: - | M79: =E79*J73 -> 0 | O79: 0 | P79: =E79 -> 0 | Q79: 0 | S79: =O79*Q79 -> 0
F80: C | G80: PERALATAN | P80: =E80 -> 0 | Q80: 0
E81: 0 | F81: - | G81: - | N81: =E81*J73 -> 0 | O81: 0 | P81: =E81 -> 0 | Q81: 0 | T81: =O81*Q81 -> 0
F82: D | G82: Jumlah A + B + C
F83: E | G83: Overhead & Profit | I83: 0.15
F84: F | G84: Harga Satuan Pekerjaan ( D + E )
B86: II.5 | C86: =RAP!B28 -> Urugan Pasir Bawah Lantai
B87: NO. | C87: SNI | D87: KODE | E87: KOEF. | F87: SAT. | G87: URAIAN PEKERJAAN | J87: RAP DENGAN BAYARAN (UPAH TENAGA HARIAN) | Y87: RAP DENGAN BAYARAN (UPAH TENAGA BORONGAN) | AF87: RAP DENGAN BAYARAN (UPAH TENAGA + MATERIAL BORONGAN)
J88: VOLUME | K88: DURASI | L88: JUMLAH RESOURCE | Q88: HARGA UPAH / MATERIAL / ALAT RAP | R88: BIAYA RESOURCE | U88: TOTAL BIAYA RAP | V88: TOTAL BIAYA RAB | W88: PROFIT DAN OVERHEAD | X88: % PROFIT DAN OVERHEAD | Y88: Harga Borong Jasa (Tenaga) | AA88: Total Harga Biaya Upah | AB88: Total Biaya Material + Peralatan | AC88: TOTAL BIAYA RAP | AD88: PROFIT DAN OVERHEAD | AE88: % PROFIT DAN OVERHEAD | AF88: Harga Borong Jasa (Tenaga + Material) | AH88: Total Harga Biaya Upah + Material | AI88: Total Biaya Peralatan | AJ88: TOTAL BIAYA RAP | AK88: PROFIT DAN OVERHEAD | AL88: % PROFIT DAN OVERHEAD
K89: (Hari) | L89: Jumlah Tenaga | M89: Jumlah Bahan | N89: Jumlah Alat | O89: Penyesuaian | P89: Satuan | Q89: (Rp) | R89: Biaya Tenaga | S89: Biaya Bahan | T89: Biaya Alat | U89: (Rp.) | V89: (Rp.) | W89: (Rp.) | X89: (%) | Y89: Harga (Rp) | Z89: Penyesuaian (Rp) | AA89: (Rp) | AB89: (Rp) | AC89: (Rp) | AD89: (Rp) | AE89: (Rp) | AF89: Harga (Rp) | AG89: Penyesuaian (Rp) | AH89: (Rp) | AI89: (Rp) | AJ89: (Rp) | AK89: (Rp) | AL89: (Rp)
B90: A | C90: B | D90: C | E90: D | F90: E | G90: F | J90: I | K90: J | L90: K = (D x I) / J | M90: L= D x I | N90: M = D x I | O90: N = Penyesuaian K, L, dan M | P90: O | Q90: P | R90: Q = J x N X P | S90: R = N x P | T90: S = N x P | U90: T = Total Q+R+S | V90: U | W90: V = U - T | X90: W = V/Ux 100 | Y90: X = Total Q / I | Z90: Y = Penyesuaian X | AA90: Z = Y x I | AB90: AA = Total R + Total S | AC90: AB = Z + AA | AD90: AC = U - AB | AE90: AD = AC/U X 100 | AF90: AE = (Total Q + Total R) / I | AG90: AF = Penyesuaian AE | AH90: AG = AF x I | AI90: AH = Total S | AJ90: AI = AG + AH | AK90: AJ = U - AI | AL90: AK = AJ/U X 100
B91: 5 | C91: A.2.3.1.11 | E91: 1 | F91: M3 | G91: Urugan Pasir bawah Pasangan / lantai
F92: A | G92: TENAGA | J92: =RAP!E28 -> 10 | K92: 1 | U92: =SUM(R93:R98)+(SUM(S93:S98)+SUM(T93:T98)) -> 4225000 | V92: =RAP!H28 -> 4756400 | W92: =V92-U92 -> 531400 | X92: =W92/V92*100 -> 11.172315 | Y92: =SUM(R93:R98)/J92 -> 32500 | Z92: 32500 | AA92: =J92*Z92 -> 325000 | AB92: =SUM(S92:S98)+SUM(T92:T98) -> 3900000 | AC92: =AA92+AB92 -> 4225000 | AD92: =V92-AC92 -> 531400 | AE92: =AD92/V92*100 -> 11.172315 | AF92: =(SUM(R92:R98)+SUM(S92:S98))/J92 -> 422500 | AG92: 420000 | AH92: =AG92*J92 -> 4200000 | AI92: =SUM(T92:T98) -> 0 | AJ92: =AH92+AI92 -> 4200000 | AK92: =V92-AJ92 -> 556400 | AL92: =AK92/V92*100 -> 11.697923
D93: L.01 | E93: 0.3 | F93: OH | G93: Pekerja | L93: =E93*J92/K92 -> 3 | O93: 3 | P93: =F93 -> OH | Q93: ='Analisa Upah RAP'!G5 -> 75000 | R93: =O93*Q93*K92 -> 225000
D94: L.04 | E94: 0.01 | F94: OH | G94: Mandor | L94: =E94*J92/K92 -> 0.1 | O94: 1 | P94: =F94 -> OH | Q94: ='Analisa Upah RAP'!G12 -> 100000 | R94: =O94*Q94*K92 -> 100000
F95: B | G95: BAHAN | M95: =E95*J92 -> 0 | O95: 0 | P95: =E95 -> 0 | Q95: 0 | S95: =O95*Q95 -> 0
E96: 1.2 | F96: m3 | G96: Pasir Urug | M96: =E96*J92 -> 12 | O96: 12 | P96: =F96 -> m3 | Q96: ='Harga Bahan RAP'!G9 -> 325000 | S96: =O96*Q96 -> 3900000
E97: 0 | F97: - | G97: - | P97: =E97 -> 0 | Q97: 0
E98: 0 | F98: - | G98: - | M98: =E98*J92 -> 0 | O98: 0 | P98: =E98 -> 0 | Q98: 0 | S98: =O98*Q98 -> 0
F99: C | G99: PERALATAN | P99: =E99 -> 0 | Q99: 0
E100: 0 | F100: - | G100: - | N100: =E100*J92 -> 0 | O100: 0 | P100: =E100 -> 0 | Q100: 0 | T100: =O100*Q100 -> 0
F101: D | G101: Jumlah A + B + C
F102: E | G102: Overhead & Profit | I102: 0.15
F103: F | G103: Harga Satuan Pekerjaan ( D + E )

Sheet Analisa RAP III
B1: ANALISA RENCANA ANGGARAN PROYEK (RAP)
B3: =+Rekapitulasi!A4 -> PEKERJAAN | D3: : | E3: =RAP!B30 -> PEKERJAAN PONDASI
B5: Catatan :
C6: diinput dengan di link kan ke Bobot Nilai / Analisa Upah / Harga Bahan / Harga Material
C7: diinput manual (diisi manual)
C8: diubah satuannya
B10: III.1 | C10: =RAP!B31 -> Pasangan Batu Belah 1Pc : 4Ps
B11: NO. | C11: SNI | D11: KODE | E11: KOEF. | F11: SAT. | G11: URAIAN PEKERJAAN | J11: RAP DENGAN BAYARAN (UPAH TENAGA HARIAN) | Y11: RAP DENGAN BAYARAN (UPAH TENAGA BORONGAN) | AF11: RAP DENGAN BAYARAN (UPAH TENAGA + MATERIAL BORONGAN)
J12: VOLUME | K12: DURASI | L12: JUMLAH RESOURCE | Q12: HARGA UPAH / MATERIAL / ALAT RAP | R12: BIAYA RESOURCE | U12: TOTAL BIAYA RAP | V12: TOTAL BIAYA RAB | W12: PROFIT DAN OVERHEAD | X12: % PROFIT DAN OVERHEAD | Y12: Harga Borong Jasa (Tenaga) | AA12: Total Harga Biaya Upah | AB12: Total Biaya Material + Peralatan | AC12: TOTAL BIAYA RAP | AD12: PROFIT DAN OVERHEAD | AE12: % PROFIT DAN OVERHEAD | AF12: Harga Borong Jasa (Tenaga + Material) | AH12: Total Harga Biaya Upah + Material | AI12: Total Biaya Peralatan | AJ12: TOTAL BIAYA RAP | AK12: PROFIT DAN OVERHEAD | AL12: % PROFIT DAN OVERHEAD
K13: (Hari) | L13: Jumlah Tenaga | M13: Jumlah Bahan | N13: Jumlah Alat | O13: Penyesuaian | P13: Satuan | Q13: (Rp) | R13: Biaya Tenaga | S13: Biaya Bahan | T13: Biaya Alat | U13: (Rp.) | V13: (Rp.) | W13: (Rp.) | X13: (%) | Y13: Harga (Rp) | Z13: Penyesuaian (Rp) | AA13: (Rp) | AB13: (Rp) | AC13: (Rp) | AD13: (Rp) | AE13: (Rp) | AF13: Harga (Rp) | AG13: Penyesuaian (Rp) | AH13: (Rp) | AI13: (Rp) | AJ13: (Rp) | AK13: (Rp) | AL13: (Rp)
B14: A | C14: B | D14: C | E14: D | F14: E | G14: F | J14: I | K14: J | L14: K = (D x I) / J | M14: L= D x I | N14: M = D x I | O14: N = Penyesuaian K, L, dan M | P14: O | Q14: P | R14: Q = J x N X P | S14: R = N x P | T14: S = N x P | U14: T = Total Q+R+S | V14: U | W14: V = U - T | X14: W = V/Ux 100 | Y14: X = Total Q / I | Z14: Y = Penyesuaian X | AA14: Z = Y x I | AB14: AA = Total R + Total S | AC14: AB = Z + AA | AD14: AC = U - AB | AE14: AD = AC/U X 100 | AF14: AE = (Total Q + Total R) / I | AG14: AF = Penyesuaian AE | AH14: AG = AF x I | AI14: AH = Total S | AJ14: AI = AG + AH | AK14: AJ = U - AI | AL14: AK = AJ/U X 100
B15: 9 | C15: A.3.2.1.2 | E15: 1 | F15: M3 | G15: Pemasangan Pondasi Batu Belah 1SP : 4 PP
F16: A | G16: Tenaga | J16: =RAP!E31 -> 48.9 | K16: 4 | U16: =SUM(R16:R29)+(SUM(S16:S29)+SUM(T16:T29)) -> 43847500 | V16: =RAP!H31 -> 51047321 | W16: =V16-U16 -> 7199821.2 | X16: =W16/V16*100 -> 14.10421 | Y16: =SUM(R16:R29)/J16 -> 181186.09 | Z16: 180000 | AA16: =J16*Z16 -> 8802000 | AB16: =SUM(S16:S29)+SUM(T16:T29) -> 34987500 | AC16: =AA16+AB16 -> 43789500 | AD16: =V16-AC16 -> 7257821.2 | AE16: =AD16/V16*100 -> 14.21783 | AF16: =(SUM(R16:R29)+SUM(S16:S29))/J16 -> 896676.89 | AG16: 875000 | AH16: =AG16*J16 -> 42787500 | AI16: =SUM(T16:T29) -> 0 | AJ16: =AH16+AI16 -> 42787500 | AK16: =V16-AJ16 -> 8259821.2 | AL16: =AK16/V16*100 -> 16.180714
D17: L.01 | E17: 1.5 | F17: OH | G17: Pekerja | L17: =E17*J16/K16 -> 18.3375 | O17: 18 | P17: =F17 -> OH | Q17: ='Analisa Upah RAP'!G5 -> 75000 | R17: =O17*Q17*K16 -> 5400000
D18: L.02 | E18: 0.75 | F18: OH | G18: Tukang Batu | L18: =E18*J16/K16 -> 9.16875 | O18: 9 | P18: =F18 -> OH | Q18: ='Analisa Upah RAP'!G7 -> 85000 | R18: =O18*Q18*K16 -> 3060000
D19: L.03 | E19: 0.075 | F19: OH | G19: Kepala Tukang | L19: =E19*J16/K16 -> 0.916875 | O19: 0 | P19: =F19 -> OH | Q19: ='Analisa Upah RAP'!G11 -> 90000 | R19: =O19*Q19*K16 -> 0
D20: L.04 | E20: 0.075 | F20: OH | G20: Mandor | L20: =E20*J16/K16 -> 0.916875 | O20: 1 | P20: =F20 -> OH | Q20: ='Analisa Upah RAP'!G12 -> 100000 | R20: =O20*Q20*K16 -> 400000
F21: B | G21: Bahan
E22: 1.2 | F22: m3 | G22: Batu Belah | M22: =E22*J16 -> 58.68 | O22: 59 | P22: =F22 -> m3 | Q22: ='Harga Bahan RAP'!G6 -> 300000 | S22: =O22*Q22 -> 17700000
E23: =163/40 -> 4.075 | F23: Zak | G23: Portland Sement | M23: =E23*J16 -> 199.2675 | O23: 200 | P23: =F23 -> Zak | Q23: ='Harga Bahan RAP'!G11 -> 45000 | S23: =O23*Q23 -> 9000000
E24: 0.52 | F24: m3 | G24: Pasir Pasang | M24: =E24*J16 -> 25.428 | O24: 25.5 | P24: =F24 -> m3 | Q24: ='Harga Bahan RAP'!G9 -> 325000 | S24: =O24*Q24 -> 8287500
F25: C | G25: PERALATAN
E26: 0 | F26: - | G26: - | N26: =E26*J16 -> 0 | P26: =F26 -> - | T26: =O26*Q26 -> 0
F27: D | G27: Jumlah A + B + C
F28: E | G28: Overhead & Profit | I28: 0.15
F29: F | G29: Harga Satuan Pekerjaan (D+E)

Sheet Analisa RAP IV
B1: ANALISA RENCANA ANGGARAN PROYEK (RAP)
B3: =+Rekapitulasi!A4 -> PEKERJAAN | D3: : | E3: =RAP!B33 -> PEKERJAAN BETON
B5: Catatan :
C6: diinput dengan di link kan ke Bobot Nilai / Analisa Upah / Harga Bahan / Harga Material
C7: diinput manual (diisi manual)
C8: diubah satuannya
C9: Penambahan Alat disesuaikan dengan kebutuhan
B11: IV.1 | C11: =RAP!B34 -> Lantai Kerja (Rabat Beton) dibawah Foot Plat T=10 cm
B12: NO. | C12: SNI | D12: KODE | E12: KOEF. | F12: SAT. | G12: URAIAN PEKERJAAN | J12: RAP DENGAN BAYARAN (UPAH TENAGA HARIAN) | Y12: RAP DENGAN BAYARAN (UPAH TENAGA BORONGAN) | AF12: RAP DENGAN BAYARAN (UPAH TENAGA + MATERIAL BORONGAN)
J13: VOLUME | K13: DURASI | L13: JUMLAH RESOURCE | Q13: HARGA UPAH / MATERIAL / ALAT RAP | R13: BIAYA RESOURCE | U13: TOTAL BIAYA RAP | V13: TOTAL BIAYA RAB | W13: PROFIT DAN OVERHEAD | X13: % PROFIT DAN OVERHEAD | Y13: Harga Borong Jasa (Tenaga) | AA13: Total Harga Biaya Upah | AB13: Total Biaya Material + Peralatan | AC13: TOTAL BIAYA RAP | AD13: PROFIT DAN OVERHEAD | AE13: % PROFIT DAN OVERHEAD | AF13: Harga Borong Jasa (Tenaga + Material) | AH13: Total Harga Biaya Upah + Material | AI13: Total Biaya Peralatan | AJ13: TOTAL BIAYA RAP | AK13: PROFIT DAN OVERHEAD | AL13: % PROFIT DAN OVERHEAD
K14: (Hari) | L14: Jumlah Tenaga | M14: Jumlah Bahan | N14: Jumlah Alat | O14: Penyesuaian | P14: Satuan | Q14: (Rp) | R14: Biaya Tenaga | S14: Biaya Bahan | T14: Biaya Alat | U14: (Rp.) | V14: (Rp.) | W14: (Rp.) | X14: (%) | Y14: Harga (Rp) | Z14: Penyesuaian (Rp) | AA14: (Rp) | AB14: (Rp) | AC14: (Rp) | AD14: (Rp) | AE14: (Rp) | AF14: Harga (Rp) | AG14: Penyesuaian (Rp) | AH14: (Rp) | AI14: (Rp) | AJ14: (Rp) | AK14: (Rp) | AL14: (Rp)
B15: A | C15: B | D15: C | E15: D | F15: E | G15: F | J15: I | K15: J | L15: K = (D x I) / J | M15: L= D x I | N15: M = D x I | O15: N = Penyesuaian K, L, dan M | P15: O | Q15: P | R15: Q = J x N X P | S15: R = N x P | T15: S = N x P | U15: T = Total Q+R+S | V15: U | W15: V = U - T | X15: W = V/Ux 100 | Y15: X = Total Q / I | Z15: Y = Penyesuaian X | AA15: Z = Y x I | AB15: AA = Total R + Total S | AC15: AB = Z + AA | AD15: AC = U - AB | AE15: AD = AC/U X 100 | AF15: AE = (Total Q + Total R) / I | AG15: AF = Penyesuaian AE | AH15: AG = AF x I | AI15: AH = Total S | AJ15: AI = AG + AH | AK15: AJ = U - AI | AL15: AK = AJ/U X 100
B16: 1 | C16: A.4.1.1.4 | E16: 1 | F16: M3 | G16: Membuat Lantai Kerja Beton mutu f'c=7,4 Mpa (K100),
G17: slum (3-6) cm, w/c = 0,87
F18: A | G18: Tenaga | J18: =RAP!E34 -> 4.2 | K18: 1 | U18: =SUM(R18:R32)+(SUM(S18:S32)+SUM(T18:T32)) -> 3591780 | V18: =RAP!H34 -> 3787492.8 | W18: =V18-U18 -> 195712.8 | X18: =W18/V18*100 -> 5.1673445 | Y18: =SUM(R18:R32)/J18 -> 133333.33 | Z18: 125000 | AA18: =J18*Z18 -> 525000 | AB18: =SUM(S18:S32)+SUM(T18:T32) -> 3031780 | AC18: =AA18+AB18 -> 3556780 | AD18: =V18-AC18 -> 230712.8 | AE18: =AD18/V18*100 -> 6.0914386 | AF18: =(SUM(R18:R32)+SUM(S18:S32))/J18 -> 819471.43 | AG18: 800000 | AH18: =AG18*J18 -> 3360000 | AI18: =SUM(T18:T32) -> 150000 | AJ18: =AH18+AI18 -> 3510000 | AK18: =V18-AJ18 -> 277492.8 | AL18: =AK18/V18*100 -> 7.3265565
D19: L.01 | E19: 1.2 | F19: OH | G19: Pekerja | L19: =E19*J18/K18 -> 5.04 | O19: 5 | P19: =F19 -> OH | Q19: ='Analisa Upah RAP'!G5 -> 75000 | R19: =O19*Q19*K18 -> 375000
D20: L.02 | E20: 0.2 | F20: OH | G20: Tukang Batu | L20: =E20*J18/K18 -> 0.84 | O20: 1 | P20: =F20 -> OH | Q20: ='Analisa Upah RAP'!G7 -> 85000 | R20: =O20*Q20*K18 -> 85000
D21: L.03 | E21: 0.02 | F21: OH | G21: Kepala Tukang | L21: =E21*J18/K18 -> 0.084 | O21: 0 | P21: =F21 -> OH | Q21: ='Analisa Upah RAP'!G11 -> 90000 | R21: =O21*Q21*K18 -> 0
D22: L.04 | E22: 0.006 | F22: OH | G22: Mandor | L22: =E22*J18/K18 -> 0.0252 | O22: 1 | P22: =F22 -> OH | Q22: ='Analisa Upah RAP'!G12 -> 100000 | R22: =O22*Q22*K18 -> 100000
F23: B | G23: Bahan
E24: =230/40 -> 5.75 | F24: Zak | G24: Portland Semen | M24: =E24*J18 -> 24.15 | O24: 24 | P24: =F24 -> Zak | Q24: ='Harga Bahan RAP'!G11 -> 45000 | S24: =O24*Q24 -> 1080000
E25: 0.558 | F25: M3 | G25: Pasir Beton | M25: =E25*J18 -> 2.3436 | O25: 2.5 | P25: =F25 -> M3 | Q25: ='Harga Bahan RAP'!G9 -> 325000 | S25: =O25*Q25 -> 812500
E26: 0.708 | F26: M3 | G26: Kerikil ( maksimum 30 mm ) | M26: =E26*J18 -> 2.9736 | O26: 3 | P26: =F26 -> M3 | Q26: ='Harga Bahan RAP'!G7 -> 325000 | S26: =O26*Q26 -> 975000
E27: 200 | F27: ltr | G27: Air | M27: =E27*J18 -> 840 | O27: 840 | P27: =F27 -> ltr | Q27: =Q73 -> 17 | S27: =O27*Q27 -> 14280
F28: C | G28: PERALATAN
G29: Alat Molen Cor | N29: =E29*J18 -> 0 | O29: 1 | P29: Hari | Q29: ='Harga Alat RAP'!G35 -> 150000 | T29: =O29*Q29 -> 150000
F30: D | G30: Jumlah A + B + C
F31: E | G31: Overhead & Profit | I31: 0.15
F32: F | G32: Harga Satuan Pekerjaan (D+E)
B34: IV.2 | C34: =RAP!B35 -> Lantai Kerja (Rabat Beton) Lantai 1 T=10 cm
B35: NO. | C35: SNI | D35: KODE | E35: KOEF. | F35: SAT. | G35: URAIAN PEKERJAAN | J35: RAP DENGAN BAYARAN (UPAH TENAGA HARIAN) | Y35: RAP DENGAN BAYARAN (UPAH TENAGA BORONGAN) | AF35: RAP DENGAN BAYARAN (UPAH TENAGA + MATERIAL BORONGAN)
J36: VOLUME | K36: DURASI | L36: JUMLAH RESOURCE | Q36: HARGA UPAH / MATERIAL / ALAT RAP | R36: BIAYA RESOURCE | U36: TOTAL BIAYA RAP | V36: TOTAL BIAYA RAB | W36: PROFIT DAN OVERHEAD | X36: % PROFIT DAN OVERHEAD | Y36: Harga Borong Jasa (Tenaga) | AA36: Total Harga Biaya Upah | AB36: Total Biaya Material + Peralatan | AC36: TOTAL BIAYA RAP | AD36: PROFIT DAN OVERHEAD | AE36: % PROFIT DAN OVERHEAD | AF36: Harga Borong Jasa (Tenaga + Material) | AH36: Total Harga Biaya Upah + Material | AI36: Total Biaya Peralatan | AJ36: TOTAL BIAYA RAP | AK36: PROFIT DAN OVERHEAD | AL36: % PROFIT DAN OVERHEAD
K37: (Hari) | L37: Jumlah Tenaga | M37: Jumlah Bahan | N37: Jumlah Alat | O37: Penyesuaian | P37: Satuan | Q37: (Rp) | R37: Biaya Tenaga | S37: Biaya Bahan | T37: Biaya Alat | U37: (Rp.) | V37: (Rp.) | W37: (Rp.) | X37: (%) | Y37: Harga (Rp) | Z37: Penyesuaian (Rp) | AA37: (Rp) | AB37: (Rp) | AC37: (Rp) | AD37: (Rp) | AE37: (Rp) | AF37: Harga (Rp) | AG37: Penyesuaian (Rp) | AH37: (Rp) | AI37: (Rp) | AJ37: (Rp) | AK37: (Rp) | AL37: (Rp)
B38: A | C38: B | D38: C | E38: D | F38: E | G38: F | J38: I | K38: J | L38: K = (D x I) / J | M38: L= D x I | N38: M = D x I | O38: N = Penyesuaian K, L, dan M | P38: O | Q38: P | R38: Q = J x N X P | S38: R = N x P | T38: S = N x P | U38: T = Total Q+R+S | V38: U | W38: V = U - T | X38: W = V/Ux 100 | Y38: X = Total Q / I | Z38: Y = Penyesuaian X | AA38: Z = Y x I | AB38: AA = Total R + Total S | AC38: AB = Z + AA | AD38: AC = U - AB | AE38: AD = AC/U X 100 | AF38: AE = (Total Q + Total R) / I | AG38: AF = Penyesuaian AE | AH38: AG = AF x I | AI38: AH = Total S | AJ38: AI = AG + AH | AK38: AJ = U - AI | AL38: AK = AJ/U X 100
B39: 2 | C39: A.4.1.1.4 | E39: 1 | F39: M3 | G39: Membuat Lantai Kerja Beton mutu f'c=7,4 Mpa (K100),
G40: slum (3-6) cm, w/c = 0,87
F41: A | G41: Tenaga | J41: =RAP!E35 -> 18.62 | K41: 2 | U41: =SUM(R41:R55)+(SUM(S41:S55)+SUM(T41:T55)) -> 14855808 | V41: =RAP!H35 -> 16791218 | W41: =V41-U41 -> 1935410.1 | X41: =W41/V41*100 -> 11.526323 | Y41: =SUM(R41:R55)/J41 -> 109559.61 | Z41: 100000 | AA41: =J41*Z41 -> 1862000 | AB41: =SUM(S41:S55)+SUM(T41:T55) -> 12815808 | AC41: =AA41+AB41 -> 14677808 | AD41: =V41-AC41 -> 2113410.1 | AE41: =AD41/V41*100 -> 12.586401 | AF41: =(SUM(R41:R55)+SUM(S41:S55))/J41 -> 781729.75 | AG41: 750000 | AH41: =AG41*J41 -> 13965000 | AI41: =SUM(T41:T55) -> 300000 | AJ41: =AH41+AI41 -> 14265000 | AK41: =V41-AJ41 -> 2526218.1 | AL41: =AK41/V41*100 -> 15.044877
D42: L.01 | E42: 1.2 | F42: OH | G42: Pekerja | L42: =E42*J41/K41 -> 11.172 | O42: 10 | P42: =F42 -> OH | Q42: ='Analisa Upah RAP'!G5 -> 75000 | R42: =O42*Q42*K41 -> 1500000
D43: L.02 | E43: 0.2 | F43: OH | G43: Tukang Batu | L43: =E43*J41/K41 -> 1.862 | O43: 2 | P43: =F43 -> OH | Q43: ='Analisa Upah RAP'!G7 -> 85000 | R43: =O43*Q43*K41 -> 340000
D44: L.03 | E44: 0.02 | F44: OH | G44: Kepala Tukang | L44: =E44*J41/K41 -> 0.1862 | O44: 0 | P44: =F44 -> OH | Q44: ='Analisa Upah RAP'!G11 -> 90000 | R44: =O44*Q44*K41 -> 0
D45: L.04 | E45: 0.006 | F45: OH | G45: Mandor | L45: =E45*J41/K41 -> 0.05586 | O45: 1 | P45: =F45 -> OH | Q45: ='Analisa Upah RAP'!G12 -> 100000 | R45: =O45*Q45*K41 -> 200000
F46: B | G46: Bahan
E47: =230/40 -> 5.75 | F47: Zak | G47: Portland Semen | M47: =E47*J41 -> 107.065 | O47: 107 | P47: =F47 -> Zak | Q47: ='Harga Bahan RAP'!G11 -> 45000 | S47: =O47*Q47 -> 4815000
E48: 0.558 | F48: M3 | G48: Pasir Beton | M48: =E48*J41 -> 10.38996 | O48: 10.5 | P48: =F48 -> M3 | Q48: ='Harga Bahan RAP'!G9 -> 325000 | S48: =O48*Q48 -> 3412500
E49: 0.708 | F49: M3 | G49: Kerikil ( maksimum 30 mm ) | M49: =E49*J41 -> 13.18296 | O49: 13 | P49: =F49 -> M3 | Q49: ='Harga Bahan RAP'!G7 -> 325000 | S49: =O49*Q49 -> 4225000
E50: 200 | F50: ltr | G50: Air | M50: =E50*J41 -> 3724 | O50: 3724 | P50: =F50 -> ltr | Q50: =Q27 -> 17 | S50: =O50*Q50 -> 63308
F51: C | G51: PERALATAN
G52: Alat Molen Cor | N52: =E52*J41 -> 0 | O52: 2 | P52: Hari | Q52: ='Harga Alat RAP'!G35 -> 150000 | T52: =O52*Q52 -> 300000
F53: D | G53: Jumlah A + B + C
F54: E | G54: Overhead & Profit | I54: 0.15
F55: F | G55: Harga Satuan Pekerjaan (D+E)
B57: IV.3 | C57: Cor Foot Plat
B58: NO. | C58: SNI | D58: KODE | E58: KOEF. | F58: SAT. | G58: URAIAN PEKERJAAN | J58: RAP DENGAN BAYARAN (UPAH TENAGA HARIAN) | Y58: RAP DENGAN BAYARAN (UPAH TENAGA BORONGAN) | AF58: RAP DENGAN BAYARAN (UPAH TENAGA + MATERIAL BORONGAN)
J59: VOLUME | K59: DURASI | L59: JUMLAH RESOURCE | Q59: HARGA UPAH / MATERIAL / ALAT RAP | R59: BIAYA RESOURCE | U59: TOTAL BIAYA RAP | V59: TOTAL BIAYA RAB | W59: PROFIT DAN OVERHEAD | X59: % PROFIT DAN OVERHEAD | Y59: Harga Borong Jasa (Tenaga) | AA59: Total Harga Biaya Upah | AB59: Total Biaya Material + Peralatan | AC59: TOTAL BIAYA RAP | AD59: PROFIT DAN OVERHEAD | AE59: % PROFIT DAN OVERHEAD | AF59: Harga Borong Jasa (Tenaga + Material) | AH59: Total Harga Biaya Upah + Material | AI59: Total Biaya Peralatan | AJ59: TOTAL BIAYA RAP | AK59: PROFIT DAN OVERHEAD | AL59: % PROFIT DAN OVERHEAD
K60: (Hari) | L60: Jumlah Tenaga | M60: Jumlah Bahan | N60: Jumlah Alat | O60: Penyesuaian | P60: Satuan | Q60: (Rp) | R60: Biaya Tenaga | S60: Biaya Bahan | T60: Biaya Alat | U60: (Rp.) | V60: (Rp.) | W60: (Rp.) | X60: (%) | Y60: Harga (Rp) | Z60: Penyesuaian (Rp) | AA60: (Rp) | AB60: (Rp) | AC60: (Rp) | AD60: (Rp) | AE60: (Rp) | AF60: Harga (Rp) | AG60: Penyesuaian (Rp) | AH60: (Rp) | AI60: (Rp) | AJ60: (Rp) | AK60: (Rp) | AL60: (Rp)
B61: A | C61: B | D61: C | E61: D | F61: E | G61: F | J61: I | K61: J | L61: K = (D x I) / J | M61: L= D x I | N61: M = D x I | O61: N = Penyesuaian K, L, dan M | P61: O | Q61: P | R61: Q = J x N X P | S61: R = N x P | T61: S = N x P | U61: T = Total Q+R+S | V61: U | W61: V = U - T | X61: W = V/Ux 100 | Y61: X = Total Q / I | Z61: Y = Penyesuaian X | AA61: Z = Y x I | AB61: AA = Total R + Total S | AC61: AB = Z + AA | AD61: AC = U - AB | AE61: AD = AC/U X 100 | AF61: AE = (Total Q + Total R) / I | AG61: AF = Penyesuaian AE | AH61: AG = AF x I | AI61: AH = Total S | AJ61: AI = AG + AH | AK61: AJ = U - AI | AL61: AK = AJ/U X 100
B62: 3 | C62: A.4.1.1.8 | E62: 1 | F62: M3 | G62: Membuat Beton mutu f'c=21,7 MPa (K250),
G63: slump (12±2) cm, w/c = 0,56
F64: A | G64: Tenaga | J64: =RAP!E37 -> 33.6 | K64: 3 | U64: =SUM(R64:R78)+(SUM(S64:S78)+SUM(T64:T78)) -> 32897808 | V64: =RAP!H37 -> 37469015 | W64: =V64-U64 -> 4571206.8 | X64: =W64/V64*100 -> 12.199965 | Y64: =SUM(R64:R78)/J64 -> 152232.14 | Z64: 150000 | AA64: =J64*Z64 -> 5040000 | AB64: =SUM(S64:S78)+SUM(T64:T78) -> 27782808 | AC64: =AA64+AB64 -> 32822808 | AD64: =V64-AC64 -> 4646206.8 | AE64: =AD64/V64*100 -> 12.400131 | AF64: =(SUM(R64:R78)+SUM(S64:S78))/J64 -> 965708.57 | AG64: 950000 | AH64: =AG64*J64 -> 31920000 | AI64: =SUM(T64:T78) -> 450000 | AJ64: =AH64+AI64 -> 32370000 | AK64: =V64-AJ64 -> 5099014.8 | AL64: =AK64/V64*100 -> 13.608617
D65: L.01 | E65: 1.65 | F65: OH | G65: Pekerja | L65: =E65*J64/K64 -> 18.48 | O65: 18 | P65: =F65 -> OH | Q65: ='Analisa Upah RAP'!G5 -> 75000 | R65: =O65*Q65*K64 -> 4050000
D66: L.02 | E66: 0.275 | F66: OH | G66: Tukang Batu | L66: =E66*J64/K64 -> 3.08 | O66: 3 | P66: =F66 -> OH | Q66: ='Analisa Upah RAP'!G7 -> 85000 | R66: =O66*Q66*K64 -> 765000
D67: L.03 | E67: 0.028 | F67: OH | G67: Kepala Tukang | L67: =E67*J64/K64 -> 0.3136 | O67: 0 | P67: =F67 -> OH | Q67: ='Analisa Upah RAP'!G11 -> 90000 | R67: =O67*Q67*K64 -> 0
D68: L.04 | E68: 0.083 | F68: OH | G68: Mandor | L68: =E68*J64/K64 -> 0.9296 | O68: 1 | P68: =F68 -> OH | Q68: ='Analisa Upah RAP'!G12 -> 100000 | R68: =O68*Q68*K64 -> 300000
F69: B | G69: Bahan
E70: =384/40 -> 9.6 | F70: Zak | G70: Portland Semen | M70: =E70*J64 -> 322.56 | O70: 323 | P70: =F70 -> Zak | Q70: ='Harga Bahan RAP'!G11 -> 45000 | S70: =O70*Q70 -> 14535000
E71: 0.43 | F71: M3 | G71: Pasir Beton | M71: =E71*J64 -> 14.448 | O71: 14.5 | P71: =F71 -> M3 | Q71: ='Harga Bahan RAP'!G9 -> 325000 | S71: =O71*Q71 -> 4712500
E72: 0.72 | F72: M3 | G72: Kerikil ( maksimum 30 mm ) | M72: =E72*J64 -> 24.192 | O72: 24.5 | P72: =F72 -> M3 | Q72: ='Harga Bahan RAP'!G7 -> 325000 | S72: =O72*Q72 -> 7962500
E73: 215 | F73: ltr | G73: Air | M73: =E73*J64 -> 7224 | O73: 7224 | P73: =F73 -> ltr | Q73: ='Harga Bahan RAP'!H139 -> 17 | S73: =O73*Q73 -> 122808
F74: C | G74: PERALATAN
G75: Alat Molen Cor | N75: =E75*J64 -> 0 | O75: 3 | P75: Hari | Q75: ='Harga Alat RAP'!G35 -> 150000 | T75: =O75*Q75 -> 450000
F76: D | G76: Jumlah A + B + C
F77: E | G77: Overhead & Profit | I77: 0.15
F78: F | G78: Harga Satuan Pekerjaan (D+E)
B80: IV.4 | C80: Cor Sloof
B81: NO. | C81: SNI | D81: KODE | E81: KOEF. | F81: SAT. | G81: URAIAN PEKERJAAN | J81: RAP DENGAN BAYARAN (UPAH TENAGA HARIAN) | Y81: RAP DENGAN BAYARAN (UPAH TENAGA BORONGAN) | AF81: RAP DENGAN BAYARAN (UPAH TENAGA + MATERIAL BORONGAN)
J82: VOLUME | K82: DURASI | L82: JUMLAH RESOURCE | Q82: HARGA UPAH / MATERIAL / ALAT RAP | R82: BIAYA RESOURCE | U82: TOTAL BIAYA RAP | V82: TOTAL BIAYA RAB | W82: PROFIT DAN OVERHEAD | X82: % PROFIT DAN OVERHEAD | Y82: Harga Borong Jasa (Tenaga) | AA82: Total Harga Biaya Upah | AB82: Total Biaya Material + Peralatan | AC82: TOTAL BIAYA RAP | AD82: PROFIT DAN OVERHEAD | AE82: % PROFIT DAN OVERHEAD | AF82: Harga Borong Jasa (Tenaga + Material) | AH82: Total Harga Biaya Upah + Material | AI82: Total Biaya Peralatan | AJ82: TOTAL BIAYA RAP | AK82: PROFIT DAN OVERHEAD | AL82: % PROFIT DAN OVERHEAD
K83: (Hari) | L83: Jumlah Tenaga | M83: Jumlah Bahan | N83: Jumlah Alat | O83: Penyesuaian | P83: Satuan | Q83: (Rp) | R83: Biaya Tenaga | S83: Biaya Bahan | T83: Biaya Alat | U83: (Rp.) | V83: (Rp.) | W83: (Rp.) | X83: (%) | Y83: Harga (Rp) | Z83: Penyesuaian (Rp) | AA83: (Rp) | AB83: (Rp) | AC83: (Rp) | AD83: (Rp) | AE83: (Rp) | AF83: Harga (Rp) | AG83: Penyesuaian (Rp) | AH83: (Rp) | AI83: (Rp) | AJ83: (Rp) | AK83: (Rp) | AL83: (Rp)
B84: A | C84: B | D84: C | E84: D | F84: E | G84: F | J84: I | K84: J | L84: K = (D x I) / J | M84: L= D x I | N84: M = D x I | O84: N = Penyesuaian K, L, dan M | P84: O | Q84: P | R84: Q = J x N X P | S84: R = N x P | T84: S = N x P | U84: T = Total Q+R+S | V84: U | W84: V = U - T | X84: W = V/Ux 100 | Y84: X = Total Q / I | Z84: Y = Penyesuaian X | AA84: Z = Y x I | AB84: AA = Total R + Total S | AC84: AB = Z + AA | AD84: AC = U - AB | AE84: AD = AC/U X 100 | AF84: AE = (Total Q + Total R) / I | AG84: AF = Penyesuaian AE | AH84: AG = AF x I | AI84: AH = Total S | AJ84: AI = AG + AH | AK84: AJ = U - AI | AL84: AK = AJ/U X 100
B85: 4 | C85: A.4.1.1.8 | E85: 1 | F85: M3 | G85: Membuat Beton mutu f'c=21,7 MPa (K250),
G86: slump (12±2) cm, w/c = 0,56
F87: A | G87: Tenaga | J87: =RAP!E41 -> 13.54 | K87: 2 | U87: =SUM(R87:R101)+(SUM(S87:S101)+SUM(T87:T101)) -> 13589504 | V87: =RAP!H41 -> 15099121 | W87: =V87-U87 -> 1509616.8 | X87: =W87/V87*100 -> 9.9980447 | Y87: =SUM(R87:R101)/J87 -> 161742.98 | Z87: 150000 | AA87: =J87*Z87 -> 2031000 | AB87: =SUM(S87:S101)+SUM(T87:T101) -> 11399504 | AC87: =AA87+AB87 -> 13430504 | AD87: =V87-AC87 -> 1668616.8 | AE87: =AD87/V87*100 -> 11.051086 | AF87: =(SUM(R87:R101)+SUM(S87:S101))/J87 -> 981499.56 | AG87: 950000 | AH87: =AG87*J87 -> 12863000 | AI87: =SUM(T87:T101) -> 300000 | AJ87: =AH87+AI87 -> 13163000 | AK87: =V87-AJ87 -> 1936120.8 | AL87: =AK87/V87*100 -> 12.822739
D88: L.01 | E88: 1.65 | F88: OH | G88: Pekerja | L88: =E88*J87/K87 -> 11.1705 | O88: 11 | P88: =F88 -> OH | Q88: =Q65 -> 75000 | R88: =O88*Q88*K87 -> 1650000
D89: L.02 | E89: 0.275 | F89: OH | G89: Tukang Batu | L89: =E89*J87/K87 -> 1.86175 | O89: 2 | P89: =F89 -> OH | Q89: =Q66 -> 85000 | R89: =O89*Q89*K87 -> 340000
D90: L.03 | E90: 0.028 | F90: OH | G90: Kepala Tukang | L90: =E90*J87/K87 -> 0.18956 | O90: 0 | P90: =F90 -> OH | Q90: =Q67 -> 90000 | R90: =O90*Q90*K87 -> 0
D91: L.04 | E91: 0.083 | F91: OH | G91: Mandor | L91: =E91*J87/K87 -> 0.56191 | O91: 1 | P91: =F91 -> OH | Q91: =Q68 -> 100000 | R91: =O91*Q91*K87 -> 200000
F92: B | G92: Bahan | Q92: =Q69 -> 0
E93: =384/40 -> 9.6 | F93: Zak | G93: Portland Semen | M93: =E93*J87 -> 129.984 | O93: 130 | P93: =F93 -> Zak | Q93: =Q70 -> 45000 | S93: =O93*Q93 -> 5850000
E94: 0.43 | F94: M3 | G94: Pasir Beton | M94: =E94*J87 -> 5.8222 | O94: 6 | P94: =F94 -> M3 | Q94: =Q71 -> 325000 | S94: =O94*Q94 -> 1950000
E95: 0.72 | F95: M3 | G95: Kerikil ( maksimum 30 mm ) | M95: =E95*J87 -> 9.7488 | O95: 10 | P95: =F95 -> M3 | Q95: =Q72 -> 325000 | S95: =O95*Q95 -> 3250000
E96: 215 | F96: ltr | G96: Air | M96: =E96*J87 -> 2911.1 | O96: 2912 | P96: =F96 -> ltr | Q96: =Q73 -> 17 | S96: =O96*Q96 -> 49504
F97: C | G97: PERALATAN | Q97: =Q74 -> 0
G98: Alat Molen Cor | N98: =E98*J87 -> 0 | O98: 2 | P98: Hari | Q98: =Q75 -> 150000 | T98: =O98*Q98 -> 300000
F99: D | G99: Jumlah A + B + C
F100: E | G100: Overhead & Profit | I100: 0.15
F101: F | G101: Harga Satuan Pekerjaan (D+E)
B103: IV.5 | C103: Cor Kolom
B104: NO. | C104: SNI | D104: KODE | E104: KOEF. | F104: SAT. | G104: URAIAN PEKERJAAN | J104: RAP DENGAN BAYARAN (UPAH TENAGA HARIAN) | Y104: RAP DENGAN BAYARAN (UPAH TENAGA BORONGAN) | AF104: RAP DENGAN BAYARAN (UPAH TENAGA + MATERIAL BORONGAN)
J105: VOLUME | K105: DURASI | L105: JUMLAH RESOURCE | Q105: HARGA UPAH / MATERIAL / ALAT RAP | R105: BIAYA RESOURCE | U105: TOTAL BIAYA RAP | V105: TOTAL BIAYA RAB | W105: PROFIT DAN OVERHEAD | X105: % PROFIT DAN OVERHEAD | Y105: Harga Borong Jasa (Tenaga) | AA105: Total Harga Biaya Upah | AB105: Total Biaya Material + Peralatan | AC105: TOTAL BIAYA RAP | AD105: PROFIT DAN OVERHEAD | AE105: % PROFIT DAN OVERHEAD | AF105: Harga Borong Jasa (Tenaga + Material) | AH105: Total Harga Biaya Upah + Material | AI105: Total Biaya Peralatan | AJ105: TOTAL BIAYA RAP | AK105: PROFIT DAN OVERHEAD | AL105: % PROFIT DAN OVERHEAD
K106: (Hari) | L106: Jumlah Tenaga | M106: Jumlah Bahan | N106: Jumlah Alat | O106: Penyesuaian | P106: Satuan | Q106: (Rp) | R106: Biaya Tenaga | S106: Biaya Bahan | T106: Biaya Alat | U106: (Rp.) | V106: (Rp.) | W106: (Rp.) | X106: (%) | Y106: Harga (Rp) | Z106: Penyesuaian (Rp) | AA106: (Rp) | AB106: (Rp) | AC106: (Rp) | AD106: (Rp) | AE106: (Rp) | AF106: Harga (Rp) | AG106: Penyesuaian (Rp) | AH106: (Rp) | AI106: (Rp) | AJ106: (Rp) | AK106: (Rp) | AL106: (Rp)
B107: A | C107: B | D107: C | E107: D | F107: E | G107: F | J107: I | K107: J | L107: K = (D x I) / J | M107: L= D x I | N107: M = D x I | O107: N = Penyesuaian K, L, dan M | P107: O | Q107: P | R107: Q = J x N X P | S107: R = N x P | T107: S = N x P | U107: T = Total Q+R+S | V107: U | W107: V = U - T | X107: W = V/Ux 100 | Y107: X = Total Q / I | Z107: Y = Penyesuaian X | AA107: Z = Y x I | AB107: AA = Total R + Total S | AC107: AB = Z + AA | AD107: AC = U - AB | AE107: AD = AC/U X 100 | AF107: AE = (Total Q + Total R) / I | AG107: AF = Penyesuaian AE | AH107: AG = AF x I | AI107: AH = Total S | AJ107: AI = AG + AH | AK107: AJ = U - AI | AL107: AK = AJ/U X 100
...

Sheet Analisa RAP V
B1: ANALISA RENCANA ANGGARAN PROYEK (RAP)
B3: =+Rekapitulasi!A4 -> PEKERJAAN | D3: : | E3: =RAP!B55 -> PEKERJAAN DINDING, PLESTERAN DAN PARTISI
B5: Catatan :
C6: diinput dengan di link kan ke Bobot Nilai / Analisa Upah / Harga Bahan / Harga Material
C7: diinput manual (diisi manual)
C8: diubah satuannya
C9: Penambahan Alat disesuaikan dengan kebutuhan
B12: V.1 | C12: =RAP!B56 -> Pasangan Bata Merah tebal 1/2 bata 1 PC : 4 PC
B13: NO. | C13: SNI | D13: KODE | E13: KOEF. | F13: SAT. | G13: URAIAN PEKERJAAN | J13: RAP DENGAN BAYARAN (UPAH TENAGA HARIAN) | Y13: RAP DENGAN BAYARAN (UPAH TENAGA BORONGAN) | AF13: RAP DENGAN BAYARAN (UPAH TENAGA + MATERIAL BORONGAN)
J14: VOLUME | K14: DURASI | L14: JUMLAH RESOURCE | Q14: HARGA UPAH / MATERIAL / ALAT RAP | R14: BIAYA RESOURCE | U14: TOTAL BIAYA RAP | V14: TOTAL BIAYA RAB | W14: PROFIT DAN OVERHEAD | X14: % PROFIT DAN OVERHEAD | Y14: Harga Borong Jasa (Tenaga) | AA14: Total Harga Biaya Upah | AB14: Total Biaya Material + Peralatan | AC14: TOTAL BIAYA RAP | AD14: PROFIT DAN OVERHEAD | AE14: % PROFIT DAN OVERHEAD | AF14: Harga Borong Jasa (Tenaga + Material) | AH14: Total Harga Biaya Upah + Material | AI14: Total Biaya Peralatan | AJ14: TOTAL BIAYA RAP | AK14: PROFIT DAN OVERHEAD | AL14: % PROFIT DAN OVERHEAD
K15: (Hari) | L15: Jumlah Tenaga | M15: Jumlah Bahan | N15: Jumlah Alat | O15: Penyesuaian | P15: Satuan | Q15: (Rp) | R15: Biaya Tenaga | S15: Biaya Bahan | T15: Biaya Alat | U15: (Rp.) | V15: (Rp.) | W15: (Rp.) | X15: (%) | Y15: Harga (Rp) | Z15: Penyesuaian (Rp) | AA15: (Rp) | AB15: (Rp) | AC15: (Rp) | AD15: (Rp) | AE15: (Rp) | AF15: Harga (Rp) | AG15: Penyesuaian (Rp) | AH15: (Rp) | AI15: (Rp) | AJ15: (Rp) | AK15: (Rp) | AL15: (Rp)
B16: A | C16: B | D16: C | E16: D | F16: E | G16: F | J16: I | K16: J | L16: K = (D x I) / J | M16: L= D x I | N16: M = D x I | O16: N = Penyesuaian K, L, dan M | P16: O | Q16: P | R16: Q = J x N X P | S16: R = N x P | T16: S = N x P | U16: T = Total Q+R+S | V16: U | W16: V = U - T | X16: W = V/Ux 100 | Y16: X = Total Q / I | Z16: Y = Penyesuaian X | AA16: Z = Y x I | AB16: AA = Total R + Total S | AC16: AB = Z + AA | AD16: AC = U - AB | AE16: AD = AC/U X 100 | AF16: AE = (Total Q + Total R) / I | AG16: AF = Penyesuaian AE | AH16: AG = AF x I | AI16: AH = Total S | AJ16: AI = AG + AH | AK16: AJ = U - AI | AL16: AK = AJ/U X 100
B17: 1 | C17: A.4.4.1.9 | E17: 1 | F17: M2 | G17: Pemasangan Dinding Bata Merah Ukuran (5x11x22) cm Tbal 1/2 Bata Camp. 1SP : 3PP
G18: Tebal 1/2 Bata Camp. 1SP : 4PP
F19: A | G19: Tenaga | J19: =RAP!E56 -> 290.9748 | K19: 4 | U19: =SUM(R19:R34)+(SUM(S19:S34)+SUM(T19:T34)) -> 32199250 | V19: =RAP!H56 -> 37983669 | W19: =V19-U19 -> 5784418.5 | X19: =W19/V19*100 -> 15.228699 | Y19: =SUM(R19:R34)/J19 -> 31205.451 | Z19: 30000 | AA19: =J19*Z19 -> 8729244 | AB19: =SUM(S19:S34)+SUM(T19:T34) -> 23119250 | AC19: =AA19+AB19 -> 31848494 | AD19: =V19-AC19 -> 6135174.5 | AE19: =AD19/V19*100 -> 16.152138 | AF19: =(SUM(R19:R34)+SUM(S19:S34))/J19 -> 110659.93 | AG19: 110000 | AH19: =AG19*J19 -> 32007228 | AI19: =SUM(T19:T34) -> 0 | AJ19: =AH19+AI19 -> 32007228 | AK19: =V19-AJ19 -> 5976440.5 | AL19: =AK19/V19*100 -> 15.734237
D20: L.01 | E20: 0.3 | F20: OH | G20: Pekerja | L20: =E20*J19/K19 -> 21.82311 | O20: 21 | P20: =F20 -> OH | Q20: ='Analisa Upah RAP'!G5 -> 75000 | R20: =O20*Q20*K19 -> 6300000
D21: L.02 | E21: 0.1 | F21: OH | G21: Tukang Batu | L21: =E21*J19/K19 -> 7.27437 | O21: 7 | P21: =F21 -> OH | Q21: ='Analisa Upah RAP'!G7 -> 85000 | R21: =O21*Q21*K19 -> 2380000
D22: L.03 | E22: 0.01 | F22: OH | G22: Kepala Tukang | L22: =E22*J19/K19 -> 0.727437 | O22: 0 | P22: =F22 -> OH | Q22: ='Analisa Upah RAP'!G11 -> 90000 | R22: =O22*Q22*K19 -> 0
D23: L.04 | E23: 0.015 | F23: OH | G23: Mandor | L23: =E23*J19/K19 -> 1.0911555 | O23: 1 | P23: =F23 -> OH | Q23: ='Analisa Upah RAP'!G12 -> 100000 | R23: =O23*Q23*K19 -> 400000
F24: B | G24: Bahan
E25: 70 | F25: Buah | G25: Bata Merah | M25: =E25*J19 -> 20368.236 | O25: 20369 | P25: =F25 -> Buah | Q25: ='Harga Bahan RAP'!G8 -> 750 | S25: =O25*Q25 -> 15276750
E26: =11.5/40 -> 0.2875 | F26: Zak | G26: Portland Semen | M26: =E26*J19 -> 83.655255 | O26: 84 | P26: =F26 -> Zak | Q26: ='Harga Bahan RAP'!G11 -> 45000 | S26: =O26*Q26 -> 3780000
E27: 0.043 | F27: m3 | G27: Pasir Pasang | M27: =E27*J19 -> 12.511916 | O27: 12.5 | P27: =F27 -> m3 | Q27: ='Harga Bahan RAP'!G9 -> 325000 | S27: =O27*Q27 -> 4062500
M28: =E28*J19 -> 0 | O28: 0 | P28: =F28 -> 0 | S28: =O28*Q28 -> 0
M29: =E29*J19 -> 0 | O29: 0 | P29: =F29 -> 0 | S29: =O29*Q29 -> 0
F30: C | G30: PERALATAN
N31: =E31*J19 -> 0 | O31: 0 | P31: 0 | T31: =O31*Q31 -> 0
F32: D | G32: Jumlah A + B + C
F33: E | G33: Overhead & Profit | I33: 0.15
F34: F | G34: Harga Satuan Pekerjaan (D+E)
B36: V.2 | C36: =RAP!B57 -> Plesteran 1PC : 4PP tebal 1,5 cm
B37: NO. | C37: SNI | D37: KODE | E37: KOEF. | F37: SAT. | G37: URAIAN PEKERJAAN | J37: RAP DENGAN BAYARAN (UPAH TENAGA HARIAN) | Y37: RAP DENGAN BAYARAN (UPAH TENAGA BORONGAN) | AF37: RAP DENGAN BAYARAN (UPAH TENAGA + MATERIAL BORONGAN)
J38: VOLUME | K38: DURASI | L38: JUMLAH RESOURCE | Q38: HARGA UPAH / MATERIAL / ALAT RAP | R38: BIAYA RESOURCE | U38: TOTAL BIAYA RAP | V38: TOTAL BIAYA RAB | W38: PROFIT DAN OVERHEAD | X38: % PROFIT DAN OVERHEAD | Y38: Harga Borong Jasa (Tenaga) | AA38: Total Harga Biaya Upah | AB38: Total Biaya Material + Peralatan | AC38: TOTAL BIAYA RAP | AD38: PROFIT DAN OVERHEAD | AE38: % PROFIT DAN OVERHEAD | AF38: Harga Borong Jasa (Tenaga + Material) | AH38: Total Harga Biaya Upah + Material | AI38: Total Biaya Peralatan | AJ38: TOTAL BIAYA RAP | AK38: PROFIT DAN OVERHEAD | AL38: % PROFIT DAN OVERHEAD
K39: (Hari) | L39: Jumlah Tenaga | M39: Jumlah Bahan | N39: Jumlah Alat | O39: Penyesuaian | P39: Satuan | Q39: (Rp) | R39: Biaya Tenaga | S39: Biaya Bahan | T39: Biaya Alat | U39: (Rp.) | V39: (Rp.) | W39: (Rp.) | X39: (%) | Y39: Harga (Rp) | Z39: Penyesuaian (Rp) | AA39: (Rp) | AB39: (Rp) | AC39: (Rp) | AD39: (Rp) | AE39: (Rp) | AF39: Harga (Rp) | AG39: Penyesuaian (Rp) | AH39: (Rp) | AI39: (Rp) | AJ39: (Rp) | AK39: (Rp) | AL39: (Rp)
B40: A | C40: B | D40: C | E40: D | F40: E | G40: F | J40: I | K40: J | L40: K = (D x I) / J | M40: L= D x I | N40: M = D x I | O40: N = Penyesuaian K, L, dan M | P40: O | Q40: P | R40: Q = J x N X P | S40: R = N x P | T40: S = N x P | U40: T = Total Q+R+S | V40: U | W40: V = U - T | X40: W = V/Ux 100 | Y40: X = Total Q / I | Z40: Y = Penyesuaian X | AA40: Z = Y x I | AB40: AA = Total R + Total S | AC40: AB = Z + AA | AD40: AC = U - AB | AE40: AD = AC/U X 100 | AF40: AE = (Total Q + Total R) / I | AG40: AF = Penyesuaian AE | AH40: AG = AF x I | AI40: AH = Total S | AJ40: AI = AG + AH | AK40: AJ = U - AI | AL40: AK = AJ/U X 100
B41: 2 | C41: A.4.4.2.4 | E41: 1 | F41: M2 | G41: Pemasangan Plesteran 1 Pc : 4 Pp Tebal 15 mm
F42: A | G42: Tenaga | J42: =RAP!E57 -> 631.7016 | K42: 8 | U42: =SUM(R42:R57)+(SUM(S42:S57)+SUM(T42:T57)) -> 32717500 | V42: =RAP!H57 -> 39152391 | W42: =V42-U42 -> 6434891.4 | X42: =W42/V42*100 -> 16.4355 | Y42: =SUM(R42:R57)/J42 -> 36979.485 | Z42: 35000 | AA42: =J42*Z42 -> 22109556 | AB42: =SUM(S42:S57)+SUM(T42:T57) -> 9357500 | AC42: =AA42+AB42 -> 31467056 | AD42: =V42-AC42 -> 7685335.4 | AE42: =AD42/V42*100 -> 19.629287 | AF42: =(SUM(R42:R57)+SUM(S42:S57))/J42 -> 51792.65 | AG42: 50000 | AH42: =AG42*J42 -> 31585080 | AI42: =SUM(T42:T57) -> 0 | AJ42: =AH42+AI42 -> 31585080 | AK42: =V42-AJ42 -> 7567311.4 | AL42: =AK42/V42*100 -> 19.32784
D43: L.01 | E43: 0.3 | F43: OH | G43: Pekerja | L43: =E43*J42/K42 -> 23.68881 | O43: 24 | P43: =F43 -> OH | Q43: ='Analisa Upah RAP'!G5 -> 75000 | R43: =O43*Q43*K42 -> 14400000
D44: L.02 | E44: 0.15 | F44: OH | G44: Tukang batu | L44: =E44*J42/K42 -> 11.844405 | O44: 12 | P44: =F44 -> OH | Q44: ='Analisa Upah RAP'!G7 -> 85000 | R44: =O44*Q44*K42 -> 8160000
D45: L.03 | E45: 0.015 | F45: OH | G45: Kepala Tukang | L45: =E45*J42/K42 -> 1.1844405 | O45: 0 | P45: =F45 -> OH | Q45: ='Analisa Upah RAP'!G11 -> 90000 | R45: =O45*Q45*K42 -> 0
D46: L.04 | E46: 0.015 | F46: OH | G46: Mandor | L46: =E46*J42/K42 -> 1.1844405 | O46: 1 | P46: =F46 -> OH | Q46: ='Analisa Upah RAP'!G12 -> 100000 | R46: =O46*Q46*K42 -> 800000
F47: B | G47: Bahan
E48: =6.24/40 -> 0.156 | F48: Zak | G48: Portland Semen | M48: =E48*J42 -> 98.54545 | O48: 96 | P48: =F48 -> Zak | Q48: ='Harga Bahan RAP'!G11 -> 45000 | S48: =O48*Q48 -> 4320000
E49: 0.024 | F49: m3 | G49: Pasir Pasang | M49: =E49*J42 -> 15.160838 | O49: 15.5 | P49: =F49 -> m3 | Q49: ='Harga Bahan RAP'!G9 -> 325000 | S49: =O49*Q49 -> 5037500
M50: =E50*J42 -> 0 | O50: 0 | P50: =F50 -> 0 | S50: =O50*Q50 -> 0
M51: =E51*J42 -> 0 | O51: 0 | P51: =F51 -> 0 | S51: =O51*Q51 -> 0
M52: =E52*J42 -> 0 | O52: 0 | P52: =F52 -> 0 | S52: =O52*Q52 -> 0
F53: C | G53: PERALATAN
N54: =E54*J42 -> 0 | O54: 0 | P54: 0 | T54: =O54*Q54 -> 0
F55: D | G55: Jumlah A + B + C
F56: E | G56: Overhead & Profit | I56: 0.15
F57: F | G57: Harga Satuan Pekerjaan (D+E)
B59: V.3 | C59: =RAP!B58 -> Acian
B60: NO. | C60: SNI | D60: KODE | E60: KOEF. | F60: SAT. | G60: URAIAN PEKERJAAN | J60: RAP DENGAN BAYARAN (UPAH TENAGA HARIAN) | Y60: RAP DENGAN BAYARAN (UPAH TENAGA BORONGAN) | AF60: RAP DENGAN BAYARAN (UPAH TENAGA + MATERIAL BORONGAN)
J61: VOLUME | K61: DURASI | L61: JUMLAH RESOURCE | Q61: HARGA UPAH / MATERIAL / ALAT RAP | R61: BIAYA RESOURCE | U61: TOTAL BIAYA RAP | V61: TOTAL BIAYA RAB | W61: PROFIT DAN OVERHEAD | X61: % PROFIT DAN OVERHEAD | Y61: Harga Borong Jasa (Tenaga) | AA61: Total Harga Biaya Upah | AB61: Total Biaya Material + Peralatan | AC61: TOTAL BIAYA RAP | AD61: PROFIT DAN OVERHEAD | AE61: % PROFIT DAN OVERHEAD | AF61: Harga Borong Jasa (Tenaga + Material) | AH61: Total Harga Biaya Upah + Material | AI61: Total Biaya Peralatan | AJ61: TOTAL BIAYA RAP | AK61: PROFIT DAN OVERHEAD | AL61: % PROFIT DAN OVERHEAD
K62: (Hari) | L62: Jumlah Tenaga | M62: Jumlah Bahan | N62: Jumlah Alat | O62: Penyesuaian | P62: Satuan | Q62: (Rp) | R62: Biaya Tenaga | S62: Biaya Bahan | T62: Biaya Alat | U62: (Rp.) | V62: (Rp.) | W62: (Rp.) | X62: (%) | Y62: Harga (Rp) | Z62: Penyesuaian (Rp) | AA62: (Rp) | AB62: (Rp) | AC62: (Rp) | AD62: (Rp) | AE62: (Rp) | AF62: Harga (Rp) | AG62: Penyesuaian (Rp) | AH62: (Rp) | AI62: (Rp) | AJ62: (Rp) | AK62: (Rp) | AL62: (Rp)
B63: A | C63: B | D63: C | E63: D | F63: E | G63: F | J63: I | K63: J | L63: K = (D x I) / J | M63: L= D x I | N63: M = D x I | O63: N = Penyesuaian K, L, dan M | P63: O | Q63: P | R63: Q = J x N X P | S63: R = N x P | T63: S = N x P | U63: T = Total Q+R+S | V63: U | W63: V = U - T | X63: W = V/Ux 100 | Y63: X = Total Q / I | Z63: Y = Penyesuaian X | AA63: Z = Y x I | AB63: AA = Total R + Total S | AC63: AB = Z + AA | AD63: AC = U - AB | AE63: AD = AC/U X 100 | AF63: AE = (Total Q + Total R) / I | AG63: AF = Penyesuaian AE | AH63: AG = AF x I | AI63: AH = Total S | AJ63: AI = AG + AH | AK63: AJ = U - AI | AL63: AK = AJ/U X 100
B64: 3 | C64: A.4.4.2.27 | E64: 1 | F64: M2 | G64: Pemasangan Acian
F65: A | G65: Tenaga | J65: =RAP!E58 -> 631.7016 | K65: 6 | U65: =SUM(R65:R80)+(SUM(S65:S80)+SUM(T65:T80)) -> 18450000 | V65: =RAP!H58 -> 21580308 | W65: =V65-U65 -> 3130308.5 | X65: =W65/V65*100 -> 14.505393 | Y65: =SUM(R65:R80)/J65 -> 25502.547 | Z65: 25000 | AA65: =J65*Z65 -> 15792540 | AB65: =SUM(S65:S80)+SUM(T65:T80) -> 2340000 | AC65: =AA65+AB65 -> 18132540 | AD65: =V65-AC65 -> 3447768.5 | AE65: =AD65/V65*100 -> 15.976456 | AF65: =(SUM(R65:R80)+SUM(S65:S80))/J65 -> 29206.828 | AG65: 29000 | AH65: =AG65*J65 -> 18319346 | AI65: =SUM(T65:T80) -> 0 | AJ65: =AH65+AI65 -> 18319346 | AK65: =V65-AJ65 -> 3260962.1 | AL65: =AK65/V65*100 -> 15.110822
D66: L.01 | E66: 0.2 | F66: OH | G66: Pekerja | L66: =E66*J65/K65 -> 21.05672 | O66: 22 | P66: =F66 -> OH | Q66: ='Analisa Upah RAP'!G5 -> 75000 | R66: =O66*Q66*K65 -> 9900000
D67: L.02 | E67: 0.1 | F67: OH | G67: Tukang batu | L67: =E67*J65/K65 -> 10.52836 | O67: 11 | P67: =F67 -> OH | Q67: ='Analisa Upah RAP'!G7 -> 85000 | R67: =O67*Q67*K65 -> 5610000
D68: L.03 | E68: 0.01 | F68: OH | G68: Kepala Tukang | L68: =E68*J65/K65 -> 1.052836 | O68: 0 | P68: =F68 -> OH | Q68: ='Analisa Upah RAP'!G11 -> 90000 | R68: =O68*Q68*K65 -> 0
D69: L.04 | E69: 0.01 | F69: OH | G69: Mandor | L69: =E69*J65/K65 -> 1.052836 | O69: 1 | P69: =F69 -> OH | Q69: ='Analisa Upah RAP'!G12 -> 100000 | R69: =O69*Q69*K65 -> 600000
F70: B | G70: Bahan
E71: =3.25/40 -> 0.08125 | F71: Zak | G71: Portland Semen | M71: =E71*J65 -> 51.325755 | O71: 52 | P71: =F71 -> Zak | Q71: ='Harga Bahan RAP'!G11 -> 45000 | S71: =O71*Q71 -> 2340000
M72: =E72*J65 -> 0 | O72: 0 | P72: =F72 -> 0 | Q72: 0 | S72: =O72*Q72 -> 0
M73: =E73*J65 -> 0 | O73: 0 | P73: =F73 -> 0 | S73: =O73*Q73 -> 0
M74: =E74*J65 -> 0 | O74: 0 | P74: =F74 -> 0 | S74: =O74*Q74 -> 0
M75: =E75*J65 -> 0 | O75: 0 | P75: =F75 -> 0 | S75: =O75*Q75 -> 0
F76: C | G76: PERALATAN
N77: =E77*J65 -> 0 | O77: 0 | P77: 0 | T77: =O77*Q77 -> 0
F78: D | G78: Jumlah A + B + C
F79: E | G79: Overhead & Profit | I79: 0.15
F80: F | G80: Harga Satuan Pekerjaan (D+E)

Sheet Analisa RAP VI
B1: ANALISA RENCANA ANGGARAN PROYEK (RAP)
B3: =+Rekapitulasi!A4 -> PEKERJAAN | D3: : | E3: =RAP!B60 -> PEKERJAAN PENUTUP LANTAI
B5: Catatan :
C6: diinput dengan di link kan ke Bobot Nilai / Analisa Upah / Harga Bahan / Harga Material
C7: diinput manual (diisi manual)
C8: diubah satuannya
C9: Penambahan Alat disesuaikan dengan kebutuhan
B12: VI.1 | C12: =RAP!B61 -> Pasangan Lantai Granit tile uk. (60 x 60) cm
B13: NO. | C13: SNI | D13: KODE | E13: KOEF. | F13: SAT. | G13: URAIAN PEKERJAAN | J13: RAP DENGAN BAYARAN (UPAH TENAGA HARIAN) | Y13: RAP DENGAN BAYARAN (UPAH TENAGA BORONGAN) | AF13: RAP DENGAN BAYARAN (UPAH TENAGA + MATERIAL BORONGAN)
J14: VOLUME | K14: DURASI | L14: JUMLAH RESOURCE | Q14: HARGA UPAH / MATERIAL / ALAT RAP | R14: BIAYA RESOURCE | U14: TOTAL BIAYA RAP | V14: TOTAL BIAYA RAB | W14: PROFIT DAN OVERHEAD | X14: % PROFIT DAN OVERHEAD | Y14: Harga Borong Jasa (Tenaga) | AA14: Total Harga Biaya Upah | AB14: Total Biaya Material + Peralatan | AC14: TOTAL BIAYA RAP | AD14: PROFIT DAN OVERHEAD | AE14: % PROFIT DAN OVERHEAD | AF14: Harga Borong Jasa (Tenaga + Material) | AH14: Total Harga Biaya Upah + Material | AI14: Total Biaya Peralatan | AJ14: TOTAL BIAYA RAP | AK14: PROFIT DAN OVERHEAD | AL14: % PROFIT DAN OVERHEAD
K15: (Hari) | L15: Jumlah Tenaga | M15: Jumlah Bahan | N15: Jumlah Alat | O15: Penyesuaian | P15: Satuan | Q15: (Rp) | R15: Biaya Tenaga | S15: Biaya Bahan | T15: Biaya Alat | U15: (Rp.) | V15: (Rp.) | W15: (Rp.) | X15: (%) | Y15: Harga (Rp) | Z15: Penyesuaian (Rp) | AA15: (Rp) | AB15: (Rp) | AC15: (Rp) | AD15: (Rp) | AE15: (Rp) | AF15: Harga (Rp) | AG15: Penyesuaian (Rp) | AH15: (Rp) | AI15: (Rp) | AJ15: (Rp) | AK15: (Rp) | AL15: (Rp)
B16: A | C16: B | D16: C | E16: D | F16: E | G16: F | J16: I | K16: J | L16: K = (D x I) / J | M16: L= D x I | N16: M = D x I | O16: N = Penyesuaian K, L, dan M | P16: O | Q16: P | R16: Q = J x N X P | S16: R = N x P | T16: S = N x P | U16: T = Total Q+R+S | V16: U | W16: V = U - T | X16: W = V/Ux 100 | Y16: X = Total Q / I | Z16: Y = Penyesuaian X | AA16: Z = Y x I | AB16: AA = Total R + Total S | AC16: AB = Z + AA | AD16: AC = U - AB | AE16: AD = AC/U X 100 | AF16: AE = (Total Q + Total R) / I | AG16: AF = Penyesuaian AE | AH16: AG = AF x I | AI16: AH = Total S | AJ16: AI = AG + AH | AK16: AJ = U - AI | AL16: AK = AJ/U X 100
B17: 1 | C17: A.4.4.3.9 | E17: 1 | F17: M2 | G17: Pemasangan Lantai Ubin Granit Tile uk. 60 x 60 cm
F18: A | G18: Tenaga | J18: =RAP!E61 -> 262.22 | K18: 5 | U18: =SUM(R18:R33)+(SUM(S18:S33)+SUM(T18:T33)) -> 74584000 | V18: =RAP!H61 -> 97014123 | W18: =V18-U18 -> 22430123 | X18: =W18/V18*100 -> 23.120472 | Y18: =SUM(R18:R33)/J18 -> 33273.587 | Z18: 30000 | AA18: =J18*Z18 -> 7866600 | AB18: =SUM(S18:S33)+SUM(T18:T33) -> 65859000 | AC18: =AA18+AB18 -> 73725600 | AD18: =V18-AC18 -> 23288523 | AE18: =AD18/V18*100 -> 24.005292 | AF18: =(SUM(R18:R33)+SUM(S18:S33))/J18 -> 284432.92 | AG18: 280000 | AH18: =AG18*J18 -> 73421600 | AI18: =SUM(T18:T33) -> 0 | AJ18: =AH18+AI18 -> 73421600 | AK18: =V18-AJ18 -> 23592523 | AL18: =AK18/V18*100 -> 24.318648
D19: L.01 | E19: 0.25 | F19: OH | G19: Pekerja | L19: =E19*J18/K18 -> 13.111 | O19: 14 | P19: =F19 -> OH | Q19: ='Analisa Upah RAP'!G5 -> 75000 | R19: =O19*Q19*K18 -> 5250000
D20: L.02 | E20: 0.125 | F20: OH | G20: Tukang Batu | L20: =E20*J18/K18 -> 6.5555 | O20: 7 | P20: =F20 -> OH | Q20: ='Analisa Upah RAP'!G7 -> 85000 | R20: =O20*Q20*K18 -> 2975000
D21: L.03 | E21: 0.013 | F21: OH | G21: Kepala Tukang | L21: =E21*J18/K18 -> 0.681772 | O21: 0 | P21: =F21 -> OH | Q21: ='Analisa Upah RAP'!G11 -> 90000 | R21: =O21*Q21*K18 -> 0
D22: L.04 | E22: 0.013 | F22: OH | G22: Mandor | L22: =E22*J18/K18 -> 0.681772 | O22: 1 | P22: =F22 -> OH | Q22: ='Analisa Upah RAP'!G12 -> 100000 | R22: =O22*Q22*K18 -> 500000
F23: B | G23: Bahan
E24: 0.92 | F24: Dus | G24: Ubin Granit Tile 60 x 60 cm | M24: =E24*J18 -> 241.2424 | O24: 242 | P24: =F24 -> Dus | Q24: ='Harga Bahan RAP'!G45 -> 240000 | S24: =O24*Q24 -> 58080000
E25: =9.8/40 -> 0.245 | F25: Zak | G25: Portland Semen | M25: =E25*J18 -> 64.2439 | O25: 65 | P25: =F25 -> Zak | Q25: ='Harga Bahan RAP'!G11 -> 45000 | S25: =O25*Q25 -> 2925000
E26: 0.045 | F26: m3 | G26: Pasir Pasang | M26: =E26*J18 -> 11.7999 | O26: 12 | P26: =F26 -> m3 | Q26: ='Harga Bahan RAP'!G9 -> 325000 | S26: =O26*Q26 -> 3900000
E27: 0.2 | F27: Bungkus | G27: Semen Warna | M27: =E27*J18 -> 52.444 | O27: 53 | P27: =F27 -> Bungkus | Q27: ='Harga Bahan RAP'!G46 -> 18000 | S27: =O27*Q27 -> 954000
M28: =E28*J18 -> 0 | O28: 0 | P28: =F28 -> 0 | S28: =O28*Q28 -> 0
F29: C | G29: PERALATAN
N30: =E30*J18 -> 0 | O30: 0 | P30: 0 | T30: =O30*Q30 -> 0
F31: D | G31: Jumlah A + B + C
F32: E | G32: Overhead & Profit | I32: 0.15
F33: F | G33: Harga Satuan Pekerjaan (D+E)
B35: VI.2 | C35: =RAP!B62 -> Pasangan Keramik Lantai KM / WC 20x20
B36: NO. | C36: SNI | D36: KODE | E36: KOEF. | F36: SAT. | G36: URAIAN PEKERJAAN | J36: RAP DENGAN BAYARAN (UPAH TENAGA HARIAN) | Y36: RAP DENGAN BAYARAN (UPAH TENAGA BORONGAN) | AF36: RAP DENGAN BAYARAN (UPAH TENAGA + MATERIAL BORONGAN)
J37: VOLUME | K37: DURASI | L37: JUMLAH RESOURCE | Q37: HARGA UPAH / MATERIAL / ALAT RAP | R37: BIAYA RESOURCE | U37: TOTAL BIAYA RAP | V37: TOTAL BIAYA RAB | W37: PROFIT DAN OVERHEAD | X37: % PROFIT DAN OVERHEAD | Y37: Harga Borong Jasa (Tenaga) | AA37: Total Harga Biaya Upah | AB37: Total Biaya Material + Peralatan | AC37: TOTAL BIAYA RAP | AD37: PROFIT DAN OVERHEAD | AE37: % PROFIT DAN OVERHEAD | AF37: Harga Borong Jasa (Tenaga + Material) | AH37: Total Harga Biaya Upah + Material | AI37: Total Biaya Peralatan | AJ37: TOTAL BIAYA RAP | AK37: PROFIT DAN OVERHEAD | AL37: % PROFIT DAN OVERHEAD
K38: (Hari) | L38: Jumlah Tenaga | M38: Jumlah Bahan | N38: Jumlah Alat | O38: Penyesuaian | P38: Satuan | Q38: (Rp) | R38: Biaya Tenaga | S38: Biaya Bahan | T38: Biaya Alat | U38: (Rp.) | V38: (Rp.) | W38: (Rp.) | X38: (%) | Y38: Harga (Rp) | Z38: Penyesuaian (Rp) | AA38: (Rp) | AB38: (Rp) | AC38: (Rp) | AD38: (Rp) | AE38: (Rp) | AF38: Harga (Rp) | AG38: Penyesuaian (Rp) | AH38: (Rp) | AI38: (Rp) | AJ38: (Rp) | AK38: (Rp) | AL38: (Rp)
B39: A | C39: B | D39: C | E39: D | F39: E | G39: F | J39: I | K39: J | L39: K = (D x I) / J | M39: L= D x I | N39: M = D x I | O39: N = Penyesuaian K, L, dan M | P39: O | Q39: P | R39: Q = J x N X P | S39: R = N x P | T39: S = N x P | U39: T = Total Q+R+S | V39: U | W39: V = U - T | X39: W = V/Ux 100 | Y39: X = Total Q / I | Z39: Y = Penyesuaian X | AA39: Z = Y x I | AB39: AA = Total R + Total S | AC39: AB = Z + AA | AD39: AC = U - AB | AE39: AD = AC/U X 100 | AF39: AE = (Total Q + Total R) / I | AG39: AF = Penyesuaian AE | AH39: AG = AF x I | AI39: AH = Total S | AJ39: AI = AG + AH | AK39: AJ = U - AI | AL39: AK = AJ/U X 100
B40: 2 | C40: A.4.4.3.36 | E40: 1 | F40: M2 | G40: Pemasangan Lantai Keramik 20 x 20 cm
F41: A | G41: Tenaga | J41: =RAP!E62 -> 8.48 | K41: 1 | U41: =SUM(R41:R56)+(SUM(S41:S56)+SUM(T41:T56)) -> 1203500 | V41: =RAP!H62 -> 1796806 | W41: =V41-U41 -> 593306 | X41: =W41/V41*100 -> 33.020037 | Y41: =SUM(R41:R56)/J41 -> 49528.302 | Z41: 30000 | AA41: =J41*Z41 -> 254400 | AB41: =SUM(S41:S56)+SUM(T41:T56) -> 783500 | AC41: =AA41+AB41 -> 1037900 | AD41: =V41-AC41 -> 758906 | AE41: =AD41/V41*100 -> 42.236391 | AF41: =(SUM(R41:R56)+SUM(S41:S56))/J41 -> 141922.17 | AG41: 125000 | AH41: =AG41*J41 -> 1060000 | AI41: =SUM(T41:T56) -> 0 | AJ41: =AH41+AI41 -> 1060000 | AK41: =V41-AJ41 -> 736806 | AL41: =AK41/V41*100 -> 41.00643
D42: L.01 | E42: 0.7 | F42: OH | G42: Pekerja | L42: =E42*J41/K41 -> 5.936 | O42: 2 | P42: =F42 -> OH | Q42: =Q19 -> 75000 | R42: =O42*Q42*K41 -> 150000
D43: L.02 | E43: 0.35 | F43: OH | G43: Tukang Batu | L43: =E43*J41/K41 -> 2.968 | O43: 2 | P43: =F43 -> OH | Q43: =Q20 -> 85000 | R43: =O43*Q43*K41 -> 170000
D44: L.03 | E44: 0.035 | F44: OH | G44: Kepala Tukang | L44: =E44*J41/K41 -> 0.2968 | O44: 0 | P44: =F44 -> OH | Q44: =Q21 -> 90000 | R44: =O44*Q44*K41 -> 0
D45: L.04 | E45: 0.035 | F45: OH | G45: Mandor | L45: =E45*J41/K41 -> 0.2968 | O45: 1 | P45: =F45 -> OH | Q45: =Q22 -> 100000 | R45: =O45*Q45*K41 -> 100000
F46: B | G46: Bahan
E47: 1.05 | F47: Dus | G47: Ubin Keramik 20 x 20 cm | M47: =E47*J41 -> 8.904 | O47: 9 | P47: =F47 -> Dus | Q47: ='Harga Bahan RAP'!G39 -> 55000 | S47: =O47*Q47 -> 495000
E48: =10.4/40 -> 0.26 | F48: Zak | G48: Portland Semen | M48: =E48*J41 -> 2.2048 | O48: 2 | P48: =F48 -> Zak | Q48: ='Harga Bahan RAP'!G11 -> 45000 | S48: =O48*Q48 -> 90000
E49: 0.2 | F49: Bungkus | G49: Semen Warna | M49: =E49*J41 -> 1.696 | O49: 2 | P49: =F49 -> Bungkus | Q49: ='Harga Bahan RAP'!G46 -> 18000 | S49: =O49*Q49 -> 36000
E50: 0.045 | F50: m3 | G50: Pasir Pasang | M50: =E50*J41 -> 0.3816 | O50: 0.5 | P50: =F50 -> m3 | Q50: ='Harga Bahan RAP'!G9 -> 325000 | S50: =O50*Q50 -> 162500
M51: =E51*J41 -> 0 | O51: 0 | P51: =F51 -> 0 | S51: =O51*Q51 -> 0
F52: C | G52: PERALATAN
N53: =E53*J41 -> 0 | O53: 0 | P53: 0 | T53: =O53*Q53 -> 0
F54: D | G54: Jumlah A + B + C
F55: E | G55: Overhead & Profit | I55: 0.15
F56: F | G56: Harga Satuan Pekerjaan (D+E)

Sheet Analisa RAP VII
B1: ANALISA RENCANA ANGGARAN PROYEK (RAP)
B3: =+Rekapitulasi!A4 -> PEKERJAAN | D3: : | E3: =RAP!B64 -> PEKERJAAN ATAP & PLAFON
B5: Catatan :
C6: diinput dengan di link kan ke Bobot Nilai / Analisa Upah / Harga Bahan / Harga Material
C7: diinput manual (diisi manual)
C8: diubah satuannya
C9: Penambahan Alat disesuaikan dengan kebutuhan
B12: VII.1 | C12: =RAP!B66 -> Gording CNP 150 x 50 x 20 x 2.3
B13: NO. | C13: SNI | D13: KODE | E13: KOEF. | F13: SAT. | G13: URAIAN PEKERJAAN | J13: RAP DENGAN BAYARAN (UPAH TENAGA HARIAN) | Y13: RAP DENGAN BAYARAN (UPAH TENAGA BORONGAN) | AF13: RAP DENGAN BAYARAN (UPAH TENAGA + MATERIAL BORONGAN)
J14: VOLUME | K14: DURASI | L14: JUMLAH RESOURCE | Q14: HARGA UPAH / MATERIAL / ALAT RAP | R14: BIAYA RESOURCE | U14: TOTAL BIAYA RAP | V14: TOTAL BIAYA RAB | W14: PROFIT DAN OVERHEAD | X14: % PROFIT DAN OVERHEAD | Y14: Harga Borong Jasa (Tenaga) | AA14: Total Harga Biaya Upah | AB14: Total Biaya Material + Peralatan | AC14: TOTAL BIAYA RAP | AD14: PROFIT DAN OVERHEAD | AE14: % PROFIT DAN OVERHEAD | AF14: Harga Borong Jasa (Tenaga + Material) | AH14: Total Harga Biaya Upah + Material | AI14: Total Biaya Peralatan | AJ14: TOTAL BIAYA RAP | AK14: PROFIT DAN OVERHEAD | AL14: % PROFIT DAN OVERHEAD
K15: (Hari) | L15: Jumlah Tenaga | M15: Jumlah Bahan | N15: Jumlah Alat | O15: Penyesuaian | P15: Satuan | Q15: (Rp) | R15: Biaya Tenaga | S15: Biaya Bahan | T15: Biaya Alat | U15: (Rp.) | V15: (Rp.) | W15: (Rp.) | X15: (%) | Y15: Harga (Rp) | Z15: Penyesuaian (Rp) | AA15: (Rp) | AB15: (Rp) | AC15: (Rp) | AD15: (Rp) | AE15: (Rp) | AF15: Harga (Rp) | AG15: Penyesuaian (Rp) | AH15: (Rp) | AI15: (Rp) | AJ15: (Rp) | AK15: (Rp) | AL15: (Rp)
B16: A | C16: B | D16: C | E16: D | F16: E | G16: F | J16: I | K16: J | L16: K = (D x I) / J | M16: L= D x I | N16: M = D x I | O16: N = Penyesuaian K, L, dan M | P16: O | Q16: P | R16: Q = J x N X P | S16: R = N x P | T16: S = N x P | U16: T = Total Q+R+S | V16: U | W16: V = U - T | X16: W = V/Ux 100 | Y16: X = Total Q / I | Z16: Y = Penyesuaian X | AA16: Z = Y x I | AB16: AA = Total R + Total S | AC16: AB = Z + AA | AD16: AC = U - AB | AE16: AD = AC/U X 100 | AF16: AE = (Total Q + Total R) / I | AG16: AF = Penyesuaian AE | AH16: AG = AF x I | AI16: AH = Total S | AJ16: AI = AG + AH | AK16: AJ = U - AI | AL16: AK = AJ/U X 100
B17: 1 | C17: A.4.2.1.1 | E17: 1 | F17: Kg | G17: Pemasangan Besi Profil
F18: A | G18: Tenaga | J18: =RAP!E66 -> 742.48 | K18: 3 | U18: =SUM(R18:R33)+(SUM(S18:S33)+SUM(T18:T33)) -> 18550000 | V18: =RAP!H66 -> 22469115 | W18: =V18-U18 -> 3919115.4 | X18: =W18/V18*100 -> 17.442233 | Y18: =SUM(R18:R33)/J18 -> 9454.8001 | Z18: 9000 | AA18: =J18*Z18 -> 6682320 | AB18: =SUM(S18:S33)+SUM(T18:T33) -> 11530000 | AC18: =AA18+AB18 -> 18212320 | AD18: =V18-AC18 -> 4256795.4 | AE18: =AD18/V18*100 -> 18.945096 | AF18: =(SUM(R18:R33)+SUM(S18:S33))/J18 -> 24983.838 | AG18: 25000 | AH18: =AG18*J18 -> 18562000 | AI18: =SUM(T18:T33) -> 0 | AJ18: =AH18+AI18 -> 18562000 | AK18: =V18-AJ18 -> 3907115.4 | AL18: =AK18/V18*100 -> 17.388826
D19: L.01 | E19: 0.06 | F19: OH | G19: Pekerja | L19: =E19*J18/K18 -> 14.8496 | O19: 14 | P19: =F19 -> OH | Q19: ='Analisa Upah RAP'!G5 -> 75000 | R19: =O19*Q19*K18 -> 3150000
D20: L.02 | E20: 0.06 | F20: OH | G20: Tukang Besi | L20: =E20*J18/K18 -> 14.8496 | O20: 14 | P20: =F20 -> OH | Q20: ='Analisa Upah RAP'!G8 -> 85000 | R20: =O20*Q20*K18 -> 3570000
D21: L.03 | E21: 0.006 | F21: OH | G21: Kepala Tukang | L21: =E21*J18/K18 -> 1.48496 | O21: 0 | P21: =F21 -> OH | Q21: ='Analisa Upah RAP'!G11 -> 90000 | R21: =O21*Q21*K18 -> 0
D22: L.04 | E22: 0.003 | F22: OH | G22: Mandor | L22: =E22*J18/K18 -> 0.74248 | O22: 1 | P22: =F22 -> OH | Q22: ='Analisa Upah RAP'!G12 -> 100000 | R22: =O22*Q22*K18 -> 300000
F23: B | G23: Bahan
E24: 1.15 | F24: Kg | G24: Besi Profil | M24: =E24*J18 -> 853.852 | O24: 854 | P24: =F24 -> Kg | Q24: ='Harga Bahan RAP'!G50 -> 12500 | S24: =O24*Q24 -> 10675000
E25: 0.06 | F25: Kg | G25: Meni Besi | M25: =E25*J18 -> 44.5488 | O25: 45 | P25: =F25 -> Kg | Q25: ='Harga Bahan RAP'!G97 -> 19000 | S25: =O25*Q25 -> 855000
M26: =E26*J18 -> 0 | O26: 0 | P26: =F26 -> 0 | Q26: 0 | S26: =O26*Q26 -> 0
M27: =E27*J18 -> 0 | O27: 0 | P27: =F27 -> 0 | Q27: 0 | S27: =O27*Q27 -> 0
M28: =E28*J18 -> 0 | O28: 0 | P28: =F28 -> 0 | S28: =O28*Q28 -> 0
F29: C | G29: PERALATAN
N30: =E30*J18 -> 0 | O30: 0 | P30: 0 | T30: =O30*Q30 -> 0
F31: D | G31: Jumlah A + B + C
F32: E | G32: Overhead & Profit | I32: 0.15
F33: F | G33: Harga Satuan Pekerjaan (D+E)
B35: VII.2 | C35: =RAP!B65 -> Kuda-kuda baja IWF 150.75.5.7 + Meni
B36: NO. | C36: SNI | D36: KODE | E36: KOEF. | F36: SAT. | G36: URAIAN PEKERJAAN | J36: RAP DENGAN BAYARAN (UPAH TENAGA HARIAN) | Y36: RAP DENGAN BAYARAN (UPAH TENAGA BORONGAN) | AF36: RAP DENGAN BAYARAN (UPAH TENAGA + MATERIAL BORONGAN)
J37: VOLUME | K37: DURASI | L37: JUMLAH RESOURCE | Q37: HARGA UPAH / MATERIAL / ALAT RAP | R37: BIAYA RESOURCE | U37: TOTAL BIAYA RAP | V37: TOTAL BIAYA RAB | W37: PROFIT DAN OVERHEAD | X37: % PROFIT DAN OVERHEAD | Y37: Harga Borong Jasa (Tenaga) | AA37: Total Harga Biaya Upah | AB37: Total Biaya Material + Peralatan | AC37: TOTAL BIAYA RAP | AD37: PROFIT DAN OVERHEAD | AE37: % PROFIT DAN OVERHEAD | AF37: Harga Borong Jasa (Tenaga + Material) | AH37: Total Harga Biaya Upah + Material | AI37: Total Biaya Peralatan | AJ37: TOTAL BIAYA RAP | AK37: PROFIT DAN OVERHEAD | AL37: % PROFIT DAN OVERHEAD
K38: (Hari) | L38: Jumlah Tenaga | M38: Jumlah Bahan | N38: Jumlah Alat | O38: Penyesuaian | P38: Satuan | Q38: (Rp) | R38: Biaya Tenaga | S38: Biaya Bahan | T38: Biaya Alat | U38: (Rp.) | V38: (Rp.) | W38: (Rp.) | X38: (%) | Y38: Harga (Rp) | Z38: Penyesuaian (Rp) | AA38: (Rp) | AB38: (Rp) | AC38: (Rp) | AD38: (Rp) | AE38: (Rp) | AF38: Harga (Rp) | AG38: Penyesuaian (Rp) | AH38: (Rp) | AI38: (Rp) | AJ38: (Rp) | AK38: (Rp) | AL38: (Rp)
B39: A | C39: B | D39: C | E39: D | F39: E | G39: F | J39: I | K39: J | L39: K = (D x I) / J | M39: L= D x I | N39: M = D x I | O39: N = Penyesuaian K, L, dan M | P39: O | Q39: P | R39: Q = J x N X P | S39: R = N x P | T39: S = N x P | U39: T = Total Q+R+S | V39: U | W39: V = U - T | X39: W = V/Ux 100 | Y39: X = Total Q / I | Z39: Y = Penyesuaian X | AA39: Z = Y x I | AB39: AA = Total R + Total S | AC39: AB = Z + AA | AD39: AC = U - AB | AE39: AD = AC/U X 100 | AF39: AE = (Total Q + Total R) / I | AG39: AF = Penyesuaian AE | AH39: AG = AF x I | AI39: AH = Total S | AJ39: AI = AG + AH | AK39: AJ = U - AI | AL39: AK = AJ/U X 100
B40: 30 | C40: A.4.2.1.2 | E40: 1 | F40: Kg | G40: Pemasangan Rangka Kuda-kuda Baja IWF
F41: A | G41: Tenaga | J41: =RAP!E65 -> 880.32 | K41: 4 | U41: =SUM(R41:R56)+(SUM(S41:S56)+SUM(T41:T56)) -> 22022500 | V41: =RAP!H65 -> 25486364 | W41: =V41-U41 -> 3463864.4 | X41: =W41/V41*100 -> 13.591049 | Y41: =SUM(R41:R56)/J41 -> 10632.497 | Z41: 9000 | AA41: =J41*Z41 -> 7922880 | AB41: =SUM(S41:S56)+SUM(T41:T56) -> 12662500 | AC41: =AA41+AB41 -> 20585380 | AD41: =V41-AC41 -> 4900984.4 | AE41: =AD41/V41*100 -> 19.229829 | AF41: =(SUM(R41:R56)+SUM(S41:S56))/J41 -> 25016.471 | AG41: 25000 | AH41: =AG41*J41 -> 22008000 | AI41: =SUM(T41:T56) -> 0 | AJ41: =AH41+AI41 -> 22008000 | AK41: =V41-AJ41 -> 3478364.4 | AL41: =AK41/V41*100 -> 13.647943
D42: L.01 | E42: 0.06 | F42: OH | G42: Pekerja | L42: =E42*J41/K41 -> 13.2048 | O42: 14 | P42: =F42 -> OH | Q42: ='Analisa Upah RAP'!G5 -> 75000 | R42: =O42*Q42*K41 -> 4200000
D43: L.02 | E43: 0.06 | F43: OH | G43: Tukang Besi | L43: =E43*J41/K41 -> 13.2048 | O43: 14 | P43: =F43 -> OH | Q43: ='Analisa Upah RAP'!G8 -> 85000 | R43: =O43*Q43*K41 -> 4760000
D44: L.03 | E44: 0.006 | F44: OH | G44: Kepala Tukang | L44: =E44*J41/K41 -> 1.32048 | O44: 0 | P44: =F44 -> OH | Q44: ='Analisa Upah RAP'!G11 -> 90000 | R44: =O44*Q44*K41 -> 0
D45: L.04 | E45: 0.003 | F45: OH | G45: Mandor | L45: =E45*J41/K41 -> 0.66024 | O45: 1 | P45: =F45 -> OH | Q45: ='Analisa Upah RAP'!G12 -> 100000 | R45: =O45*Q45*K41 -> 400000
F46: B | G46: Bahan
E47: 1.15 | F47: kg | G47: Besi Baja IWF | M47: =E47*J41 -> 1012.368 | O47: 1013 | P47: =F47 -> kg | Q47: ='Harga Bahan RAP'!G50 -> 12500 | S47: =O47*Q47 -> 12662500
M48: =E48*J41 -> 0 | O48: 0 | P48: =F48 -> 0 | Q48: 0 | S48: =O48*Q48 -> 0
M49: =E49*J41 -> 0 | O49: 0 | P49: =F49 -> 0 | Q49: 0 | S49: =O49*Q49 -> 0
M50: =E50*J41 -> 0 | O50: 0 | P50: =F50 -> 0 | Q50: 0 | S50: =O50*Q50 -> 0
M51: =E51*J41 -> 0 | O51: 0 | P51: =F51 -> 0 | S51: =O51*Q51 -> 0
F52: C | G52: PERALATAN
N53: =E53*J41 -> 0 | O53: 0 | P53: 0 | T53: =O53*Q53 -> 0
F54: D | G54: Jumlah A + B + C
F55: E | G55: =G32 -> Overhead & Profit | I55: 0.15
F56: F | G56: Harga Satuan Pekerjaan (D+E)
B58: VII.3 | C58: =RAP!B67 -> Memasang Atap Galvalum gelombang 35 warna
B59: NO. | C59: SNI | D59: KODE | E59: KOEF. | F59: SAT. | G59: URAIAN PEKERJAAN | J59: RAP DENGAN BAYARAN (UPAH TENAGA HARIAN) | Y59: RAP DENGAN BAYARAN (UPAH TENAGA BORONGAN) | AF59: RAP DENGAN BAYARAN (UPAH TENAGA + MATERIAL BORONGAN)
J60: VOLUME | K60: DURASI | L60: JUMLAH RESOURCE | Q60: HARGA UPAH / MATERIAL / ALAT RAP | R60: BIAYA RESOURCE | U60: TOTAL BIAYA RAP | V60: TOTAL BIAYA RAB | W60: PROFIT DAN OVERHEAD | X60: % PROFIT DAN OVERHEAD | Y60: Harga Borong Jasa (Tenaga) | AA60: Total Harga Biaya Upah | AB60: Total Biaya Material + Peralatan | AC60: TOTAL BIAYA RAP | AD60: PROFIT DAN OVERHEAD | AE60: % PROFIT DAN OVERHEAD | AF60: Harga Borong Jasa (Tenaga + Material) | AH60: Total Harga Biaya Upah + Material | AI60: Total Biaya Peralatan | AJ60: TOTAL BIAYA RAP | AK60: PROFIT DAN OVERHEAD | AL60: % PROFIT DAN OVERHEAD
K61: (Hari) | L61: Jumlah Tenaga | M61: Jumlah Bahan | N61: Jumlah Alat | O61: Penyesuaian | P61: Satuan | Q61: (Rp) | R61: Biaya Tenaga | S61: Biaya Bahan | T61: Biaya Alat | U61: (Rp.) | V61: (Rp.) | W61: (Rp.) | X61: (%) | Y61: Harga (Rp) | Z61: Penyesuaian (Rp) | AA61: (Rp) | AB61: (Rp) | AC61: (Rp) | AD61: (Rp) | AE61: (Rp) | AF61: Harga (Rp) | AG61: Penyesuaian (Rp) | AH61: (Rp) | AI61: (Rp) | AJ61: (Rp) | AK61: (Rp) | AL61: (Rp)
B62: A | C62: B | D62: C | E62: D | F62: E | G62: F | J62: I | K62: J | L62: K = (D x I) / J | M62: L= D x I | N62: M = D x I | O62: N = Penyesuaian K, L, dan M | P62: O | Q62: P | R62: Q = J x N X P | S62: R = N x P | T62: S = N x P | U62: T = Total Q+R+S | V62: U | W62: V = U - T | X62: W = V/Ux 100 | Y62: X = Total Q / I | Z62: Y = Penyesuaian X | AA62: Z = Y x I | AB62: AA = Total R + Total S | AC62: AB = Z + AA | AD62: AC = U - AB | AE62: AD = AC/U X 100 | AF62: AE = (Total Q + Total R) / I | AG62: AF = Penyesuaian AE | AH62: AG = AF x I | AI62: AH = Total S | AJ62: AI = AG + AH | AK62: AJ = U - AI | AL62: AK = AJ/U X 100
B63: 3 | C63: A.4.5.2.39 | E63: 1 | F63: M2 | G63: Pemasangan Atap Seng Gelombang
F64: A | G64: Tenaga | J64: =RAP!E67 -> 571.17472 | K64: 5 | U64: =SUM(R64:R79)+(SUM(S64:S79)+SUM(T64:T79)) -> 34977000 | V64: =RAP!H67 -> 40153297 | W64: =V64-U64 -> 5176297.2 | X64: =W64/V64*100 -> 12.891338 | Y64: =SUM(R64:R79)/J64 -> 15275.536 | Z64: 15000 | AA64: =J64*Z64 -> 8567620.8 | AB64: =SUM(S64:S79)+SUM(T64:T79) -> 26252000 | AC64: =AA64+AB64 -> 34819621 | AD64: =V64-AC64 -> 5333676.4 | AE64: =AD64/V64*100 -> 13.283284 | AF64: =(SUM(R64:R79)+SUM(S64:S79))/J64 -> 61236.954 | AG64: 60000 | AH64: =AG64*J64 -> 34270483 | AI64: =SUM(T64:T79) -> 0 | AJ64: =AH64+AI64 -> 34270483 | AK64: =V64-AJ64 -> 5882814 | AL64: =AK64/V64*100 -> 14.650887
D65: L.01 | E65: 0.12 | F65: OH | G65: Pekerja | L65: =E65*J64/K64 -> 13.708193 | O65: 14 | P65: =F65 -> OH | Q65: ='Analisa Upah RAP'!G5 -> 75000 | R65: =O65*Q65*K64 -> 5250000
D66: L.02 | E66: 0.06 | F66: OH | G66: Tukang Besi | L66: =E66*J64/K64 -> 6.8540966 | O66: 7 | P66: =F66 -> OH | Q66: ='Analisa Upah RAP'!G8 -> 85000 | R66: =O66*Q66*K64 -> 2975000
D67: L.03 | E67: 0.006 | F67: OH | G67: Kepala Tukang | L67: =E67*J64/K64 -> 0.68540966 | O67: 0 | P67: =F67 -> OH | Q67: ='Analisa Upah RAP'!G11 -> 90000 | R67: =O67*Q67*K64 -> 0
D68: L.04 | E68: 0.006 | F68: OH | G68: Mandor | L68: =E68*J64/K64 -> 0.68540966 | O68: 1 | P68: =F68 -> OH | Q68: ='Analisa Upah RAP'!G12 -> 100000 | R68: =O68*Q68*K64 -> 500000
F69: B | G69: Bahan
E70: 0.7 | F70: Lbr | G70: Seng Gelombang Lebar 180 cm Tebal 0.3 | M70: =E70*J64 -> 399.8223 | O70: 400 | P70: =F70 -> Lbr | Q70: ='Harga Bahan RAP'!G23 -> 65000 | S70: =O70*Q70 -> 26000000
E71: 0.02 | F71: Kg | G71: Sekrup | M71: =E71*J64 -> 11.423494 | O71: 12 | P71: =F71 -> Kg | Q71: ='Harga Bahan RAP'!G124 -> 21000 | S71: =O71*Q71 -> 252000
M72: =E72*J64 -> 0 | O72: 0 | P72: =F72 -> 0 | Q72: 0 | S72: =O72*Q72 -> 0
M73: =E73*J64 -> 0 | O73: 0 | P73: =F73 -> 0 | Q73: 0 | S73: =O73*Q73 -> 0
M74: =E74*J64 -> 0 | O74: 0 | P74: =F74 -> 0 | S74: =O74*Q74 -> 0
F75: C | G75: PERALATAN
N76: =E76*J64 -> 0 | O76: 0 | P76: 0 | T76: =O76*Q76 -> 0
F77: D | G77: Jumlah A + B + C
F78: E | G78: =G55 -> Overhead & Profit | I78: 0.15
F79: F | G79: Harga Satuan Pekerjaan (D+E)
B81: VII.4 | C81: =RAP!B68 -> Memasang bubungan seng Galvalum plat
B82: NO. | C82: SNI | D82: KODE | E82: KOEF. | F82: SAT. | G82: URAIAN PEKERJAAN | J82: RAP DENGAN BAYARAN (UPAH TENAGA HARIAN) | Y82: RAP DENGAN BAYARAN (UPAH TENAGA BORONGAN) | AF82: RAP DENGAN BAYARAN (UPAH TENAGA + MATERIAL BORONGAN)
J83: VOLUME | K83: DURASI | L83: JUMLAH RESOURCE | Q83: HARGA UPAH / MATERIAL / ALAT RAP | R83: BIAYA RESOURCE | U83: TOTAL BIAYA RAP | V83: TOTAL BIAYA RAB | W83: PROFIT DAN OVERHEAD | X83: % PROFIT DAN OVERHEAD | Y83: Harga Borong Jasa (Tenaga) | AA83: Total Harga Biaya Upah | AB83: Total Biaya Material + Peralatan | AC83: TOTAL BIAYA RAP | AD83: PROFIT DAN OVERHEAD | AE83: % PROFIT DAN OVERHEAD | AF83: Harga Borong Jasa (Tenaga + Material) | AH83: Total Harga Biaya Upah + Material | AI83: Total Biaya Peralatan | AJ83: TOTAL BIAYA RAP | AK83: PROFIT DAN OVERHEAD | AL83: % PROFIT DAN OVERHEAD
K84: (Hari) | L84: Jumlah Tenaga | M84: Jumlah Bahan | N84: Jumlah Alat | O84: Penyesuaian | P84: Satuan | Q84: (Rp) | R84: Biaya Tenaga | S84: Biaya Bahan | T84: Biaya Alat | U84: (Rp.) | V84: (Rp.) | W84: (Rp.) | X84: (%) | Y84: Harga (Rp) | Z84: Penyesuaian (Rp) | AA84: (Rp) | AB84: (Rp) | AC84: (Rp) | AD84: (Rp) | AE84: (Rp) | AF84: Harga (Rp) | AG84: Penyesuaian (Rp) | AH84: (Rp) | AI84: (Rp) | AJ84: (Rp) | AK84: (Rp) | AL84: (Rp)
B85: A | C85: B | D85: C | E85: D | F85: E | G85: F | J85: I | K85: J | L85: K = (D x I) / J | M85: L= D x I | N85: M = D x I | O85: N = Penyesuaian K, L, dan M | P85: O | Q85: P | R85: Q = J x N X P | S85: R = N x P | T85: S = N x P | U85: T = Total Q+R+S | V85: U | W85: V = U - T | X85: W = V/Ux 100 | Y85: X = Total Q / I | Z85: Y = Penyesuaian X | AA85: Z = Y x I | AB85: AA = Total R + Total S | AC85: AB = Z + AA | AD85: AC = U - AB | AE85: AD = AC/U X 100 | AF85: AE = (Total Q + Total R) / I | AG85: AF = Penyesuaian AE | AH85: AG = AF x I | AI85: AH = Total S | AJ85: AI = AG + AH | AK85: AJ = U - AI | AL85: AK = AJ/U X 100
B86: 4 | C86: A.4.5.2.40 | E86: 1 | F86: M' | G86: Pemasangan Nok Atap Seng Gelombang
F87: A | G87: Tenaga | J87: =RAP!E68 -> 52 | K87: 1 | U87: =SUM(R87:R102)+(SUM(S87:S102)+SUM(T87:T102)) -> 1802000 | V87: =RAP!H68 -> 1936025 | W87: =V87-U87 -> 134025 | X87: =W87/V87*100 -> 6.9226895 | Y87: =SUM(R87:R102)/J87 -> 20000 | Z87: 20000 | AA87: =J87*Z87 -> 1040000 | AB87: =SUM(S87:S102)+SUM(T87:T102) -> 762000 | AC87: =AA87+AB87 -> 1802000 | AD87: =V87-AC87 -> 134025 | AE87: =AD87/V87*100 -> 6.9226895 | AF87: =(SUM(R87:R102)+SUM(S87:S102))/J87 -> 34653.846 | AG87: 35000 | AH87: =AG87*J87 -> 1820000 | AI87: =SUM(T87:T102) -> 0 | AJ87: =AH87+AI87 -> 1820000 | AK87: =V87-AJ87 -> 116025 | AL87: =AK87/V87*100 -> 5.9929495
D88: L.01 | E88: 0.15 | F88: OH | G88: Pekerja | L88: =E88*J87/K87 -> 7.8 | O88: 8 | P88: =F88 -> OH | Q88: =Q65 -> 75000 | R88: =O88*Q88*K87 -> 600000
D89: L.02 | E89: 0.07 | F89: OH | G89: Tukang Besi | L89: =E89*J87/K87 -> 3.64 | O89: 4 | P89: =F89 -> OH | Q89: =Q66 -> 85000 | R89: =O89*Q89*K87 -> 340000
D90: L.03 | E90: 0.007 | F90: OH | G90: Kepala Tukang | L90: =E90*J87/K87 -> 0.364 | O90: 0 | P90: =F90 -> OH | Q90: =Q67 -> 90000 | R90: =O90*Q90*K87 -> 0
D91: L.04 | E91: 0.006 | F91: OH | G91: Mandor | L91: =E91*J87/K87 -> 0.312 | O91: 1 | P91: =F91 -> OH | Q91: =Q68 -> 100000 | R91: =O91*Q91*K87 -> 100000
F92: B | G92: Bahan
E93: 0.3 | F93: Lbr | G93: Seng Plat BJLS Lebar 55 cm Tebal 0.3 | M93: =E93*J87 -> 15.6 | O93: 16 | P93: =F93 -> Lbr | Q93: ='Harga Bahan RAP'!G19 -> 45000 | S93: =O93*Q93 -> 720000
E94: 0.04 | F94: Kg | G94: Sekrup | M94: =E94*J87 -> 2.08 | O94: 2 | P94: =F94 -> Kg | Q94: ='Harga Bahan RAP'!G124 -> 21000 | S94: =O94*Q94 -> 42000
M95: =E95*J87 -> 0 | O95: 0 | P95: =F95 -> 0 | Q95: 0 | S95: =O95*Q95 -> 0
M96: =E96*J87 -> 0 | O96: 0 | P96: =F96 -> 0 | Q96: 0 | S96: =O96*Q96 -> 0
M97: =E97*J87 -> 0 | O97: 0 | P97: =F97 -> 0 | S97: =O97*Q97 -> 0
F98: C | G98: PERALATAN
N99: =E99*J87 -> 0 | O99: 0 | P99: 0 | T99: =O99*Q99 -> 0
F100: D | G100: Jumlah A + B + C
F101: E | G101: =G78 -> Overhead & Profit | I101: 0.15
F102: F | G102: Harga Satuan Pekerjaan (D+E)
B104: VII.5 | C104: =RAP!B69 -> Rangka Plafond Hollow Galvalume / Zincalume 0.35 mm
B105: NO. | C105: SNI | D105: KODE | E105: KOEF. | F105: SAT. | G105: URAIAN PEKERJAAN | J105: RAP DENGAN BAYARAN (UPAH TENAGA HARIAN) | Y105: RAP DENGAN BAYARAN (UPAH TENAGA BORONGAN) | AF105: RAP DENGAN BAYARAN (UPAH TENAGA + MATERIAL BORONGAN)
J106: VOLUME | K106: DURASI | L106: JUMLAH RESOURCE | Q106: HARGA UPAH / MATERIAL / ALAT RAP | R106: BIAYA RESOURCE | U106: TOTAL BIAYA RAP | V106: TOTAL BIAYA RAB | W106: PROFIT DAN OVERHEAD | X106: % PROFIT DAN OVERHEAD | Y106: Harga Borong Jasa (Tenaga) | AA106: Total Harga Biaya Upah | AB106: Total Biaya Material + Peralatan | AC106: TOTAL BIAYA RAP | AD106: PROFIT DAN OVERHEAD | AE106: % PROFIT DAN OVERHEAD | AF106: Harga Borong Jasa (Tenaga + Material) | AH106: Total Harga Biaya Upah + Material | AI106: Total Biaya Peralatan | AJ106: TOTAL BIAYA RAP | AK106: PROFIT DAN OVERHEAD | AL106: % PROFIT DAN OVERHEAD
K107: (Hari) | L107: Jumlah Tenaga | M107: Jumlah Bahan | N107: Jumlah Alat | O107: Penyesuaian | P107: Satuan | Q107: (Rp) | R107: Biaya Tenaga | S107: Biaya Bahan | T107: Biaya Alat | U107: (Rp.) | V107: (Rp.) | W107: (Rp.) | X107: (%) | Y107: Harga (Rp) | Z107: Penyesuaian (Rp) | AA107: (Rp) | AB107: (Rp) | AC107: (Rp) | AD107: (Rp) | AE107: (Rp) | AF107: Harga (Rp) | AG107: Penyesuaian (Rp) | AH107: (Rp) | AI107: (Rp) | AJ107: (Rp) | AK107: (Rp) | AL107: (Rp)
B108: A | C108: B | D108: C | E108: D | F108: E | G108: F | J108: I | K108: J | L108: K = (D x I) / J | M108: L= D x I | N108: M = D x I | O108: N = Penyesuaian K, L, dan M | P108: O | Q108: P | R108: Q = J x N X P | S108: R = N x P | T108: S = N x P | U108: T = Total Q+R+S | V108: U | W108: V = U - T | X108: W = V/Ux 100 | Y108: X = Total Q / I | Z108: Y = Penyesuaian X | AA108: Z = Y x I | AB108: AA = Total R + Total S | AC108: AB = Z + AA | AD108: AC = U - AB | AE108: AD = AC/U X 100 | AF108: AE = (Total Q + Total R) / I | AG108: AF = Penyesuaian AE | AH108: AG = AF x I | AI108: AH = Total S | AJ108: AI = AG + AH | AK108: AJ = U - AI | AL108: AK = AJ/U X 100
...

Sheet Analisa RAP VIII
B1: ANALISA RENCANA ANGGARAN PROYEK (RAP)
B3: =+Rekapitulasi!A4 -> PEKERJAAN | D3: : | E3: =RAP!B72 -> PEKERJAAN KUSEN, PINTU & JENDELA
B5: Catatan :
C6: diinput dengan di link kan ke Bobot Nilai / Analisa Upah / Harga Bahan / Harga Material
C7: diinput manual (diisi manual)
C8: diubah satuannya
C9: Penambahan Alat disesuaikan dengan kebutuhan
B12: VIII.1 | C12: =RAP!B73 -> Kusen Pintu Alumunium 4'
B13: NO. | C13: SNI | D13: KODE | E13: KOEF. | F13: SAT. | G13: URAIAN PEKERJAAN | J13: RAP DENGAN BAYARAN (UPAH TENAGA HARIAN) | Y13: RAP DENGAN BAYARAN (UPAH TENAGA BORONGAN) | AF13: RAP DENGAN BAYARAN (UPAH TENAGA + MATERIAL BORONGAN)
J14: VOLUME | K14: DURASI | L14: JUMLAH RESOURCE | Q14: HARGA UPAH / MATERIAL / ALAT RAP | R14: BIAYA RESOURCE | U14: TOTAL BIAYA RAP | V14: TOTAL BIAYA RAB | W14: PROFIT DAN OVERHEAD | X14: % PROFIT DAN OVERHEAD | Y14: Harga Borong Jasa (Tenaga) | AA14: Total Harga Biaya Upah | AB14: Total Biaya Material + Peralatan | AC14: TOTAL BIAYA RAP | AD14: PROFIT DAN OVERHEAD | AE14: % PROFIT DAN OVERHEAD | AF14: Harga Borong Jasa (Tenaga + Material) | AH14: Total Harga Biaya Upah + Material | AI14: Total Biaya Peralatan | AJ14: TOTAL BIAYA RAP | AK14: PROFIT DAN OVERHEAD | AL14: % PROFIT DAN OVERHEAD
K15: (Hari) | L15: Jumlah Tenaga | M15: Jumlah Bahan | N15: Jumlah Alat | O15: Penyesuaian | P15: Satuan | Q15: (Rp) | R15: Biaya Tenaga | S15: Biaya Bahan | T15: Biaya Alat | U15: (Rp.) | V15: (Rp.) | W15: (Rp.) | X15: (%) | Y15: Harga (Rp) | Z15: Penyesuaian (Rp) | AA15: (Rp) | AB15: (Rp) | AC15: (Rp) | AD15: (Rp) | AE15: (Rp) | AF15: Harga (Rp) | AG15: Penyesuaian (Rp) | AH15: (Rp) | AI15: (Rp) | AJ15: (Rp) | AK15: (Rp) | AL15: (Rp)
B16: A | C16: B | D16: C | E16: D | F16: E | G16: F | J16: I | K16: J | L16: K = (D x I) / J | M16: L= D x I | N16: M = D x I | O16: N = Penyesuaian K, L, dan M | P16: O | Q16: P | R16: Q = J x N X P | S16: R = N x P | T16: S = N x P | U16: T = Total Q+R+S | V16: U | W16: V = U - T | X16: W = V/Ux 100 | Y16: X = Total Q / I | Z16: Y = Penyesuaian X | AA16: Z = Y x I | AB16: AA = Total R + Total S | AC16: AB = Z + AA | AD16: AC = U - AB | AE16: AD = AC/U X 100 | AF16: AE = (Total Q + Total R) / I | AG16: AF = Penyesuaian AE | AH16: AG = AF x I | AI16: AH = Total S | AJ16: AI = AG + AH | AK16: AJ = U - AI | AL16: AK = AJ/U X 100
B17: 1 | C17: A.4.2.1.11 | E17: 1 | F17: M' | G17: Pemasangan Kusen Pintu Alumunium 4"
F18: A | G18: Tenaga | J18: =RAP!E73 -> 127.6 | K18: 3 | U18: =SUM(R18:R33)+(SUM(S18:S33)+SUM(T18:T33)) -> 19244000 | V18: =RAP!H73 -> 21047579 | W18: =V18-U18 -> 1803578.5 | X18: =W18/V18*100 -> 8.5690548 | Y18: =SUM(R18:R33)/J18 -> 9874.6082 | Z18: 9500 | AA18: =J18*Z18 -> 1212200 | AB18: =SUM(S18:S33)+SUM(T18:T33) -> 17984000 | AC18: =AA18+AB18 -> 19196200 | AD18: =V18-AC18 -> 1851378.5 | AE18: =AD18/V18*100 -> 8.7961593 | AF18: =(SUM(R18:R33)+SUM(S18:S33))/J18 -> 150815.05 | AG18: 150000 | AH18: =AG18*J18 -> 19140000 | AI18: =SUM(T18:T33) -> 0 | AJ18: =AH18+AI18 -> 19140000 | AK18: =V18-AJ18 -> 1907578.5 | AL18: =AK18/V18*100 -> 9.0631734
D19: L.01 | E19: 0.043 | F19: OH | G19: Pekerja | L19: =E19*J18/K18 -> 1.8289333 | O19: 2 | P19: =F19 -> OH | Q19: ='Analisa Upah RAP'!G5 -> 75000 | R19: =O19*Q19*K18 -> 450000
D20: L.02 | E20: 0.043 | F20: OH | G20: Tukang Besi | L20: =E20*J18/K18 -> 1.8289333 | O20: 2 | P20: =F20 -> OH | Q20: ='Analisa Upah RAP'!G8 -> 85000 | R20: =O20*Q20*K18 -> 510000
D21: L.03 | E21: 0.0043 | F21: OH | G21: Kepala Tukang | L21: =E21*J18/K18 -> 0.18289333 | O21: 0 | P21: =F21 -> OH | Q21: ='Analisa Upah RAP'!G11 -> 90000 | R21: =O21*Q21*K18 -> 0
D22: L.04 | E22: 0.0021 | F22: OH | G22: Mandor | L22: =E22*J18/K18 -> 0.08932 | O22: 1 | P22: =F22 -> OH | Q22: ='Analisa Upah RAP'!G12 -> 100000 | R22: =O22*Q22*K18 -> 300000
F23: B | G23: Bahan
E24: =1.1/4 -> 0.275 | F24: btg | G24: Profil alumunium | M24: =E24*J18 -> 35.09 | O24: 35 | P24: =F24 -> btg | Q24: ='Harga Bahan RAP'!G131 -> 500000 | S24: =O24*Q24 -> 17500000
E25: 2 | F25: buah | G25: Sekrup | M25: =E25*J18 -> 255.2 | O25: 255 | P25: =F25 -> buah | Q25: ='Harga Bahan RAP'!G126 -> 800 | S25: =O25*Q25 -> 204000
E26: 0.06 | F26: Tube | G26: Sealent | M26: =E26*J18 -> 7.656 | O26: 8 | P26: =F26 -> Tube | Q26: ='Harga Bahan RAP'!G136 -> 35000 | S26: =O26*Q26 -> 280000
M27: =E27*J18 -> 0 | O27: 0 | P27: =F27 -> 0 | Q27: ='Harga Bahan RAP'!G166 -> 0 | S27: =O27*Q27 -> 0
M28: =E28*J18 -> 0 | O28: 0 | P28: =F28 -> 0 | S28: =O28*Q28 -> 0
F29: C | G29: PERALATAN
N30: =E30*J18 -> 0 | O30: 0 | P30: 0 | T30: =O30*Q30 -> 0
F31: D | G31: Jumlah A + B + C
F32: E | G32: Overhead & Profit | I32: 0.15
F33: F | G33: Harga Satuan Pekerjaan (D+E)
B35: VIII.2 | C35: =RAP!B74 -> Kusen Jendela Alumunium 4'
B36: NO. | C36: SNI | D36: KODE | E36: KOEF. | F36: SAT. | G36: URAIAN PEKERJAAN | J36: RAP DENGAN BAYARAN (UPAH TENAGA HARIAN) | Y36: RAP DENGAN BAYARAN (UPAH TENAGA BORONGAN) | AF36: RAP DENGAN BAYARAN (UPAH TENAGA + MATERIAL BORONGAN)
J37: VOLUME | K37: DURASI | L37: JUMLAH RESOURCE | Q37: HARGA UPAH / MATERIAL / ALAT RAP | R37: BIAYA RESOURCE | U37: TOTAL BIAYA RAP | V37: TOTAL BIAYA RAB | W37: PROFIT DAN OVERHEAD | X37: % PROFIT DAN OVERHEAD | Y37: Harga Borong Jasa (Tenaga) | AA37: Total Harga Biaya Upah | AB37: Total Biaya Material + Peralatan | AC37: TOTAL BIAYA RAP | AD37: PROFIT DAN OVERHEAD | AE37: % PROFIT DAN OVERHEAD | AF37: Harga Borong Jasa (Tenaga + Material) | AH37: Total Harga Biaya Upah + Material | AI37: Total Biaya Peralatan | AJ37: TOTAL BIAYA RAP | AK37: PROFIT DAN OVERHEAD | AL37: % PROFIT DAN OVERHEAD
K38: (Hari) | L38: Jumlah Tenaga | M38: Jumlah Bahan | N38: Jumlah Alat | O38: Penyesuaian | P38: Satuan | Q38: (Rp) | R38: Biaya Tenaga | S38: Biaya Bahan | T38: Biaya Alat | U38: (Rp.) | V38: (Rp.) | W38: (Rp.) | X38: (%) | Y38: Harga (Rp) | Z38: Penyesuaian (Rp) | AA38: (Rp) | AB38: (Rp) | AC38: (Rp) | AD38: (Rp) | AE38: (Rp) | AF38: Harga (Rp) | AG38: Penyesuaian (Rp) | AH38: (Rp) | AI38: (Rp) | AJ38: (Rp) | AK38: (Rp) | AL38: (Rp)
B39: A | C39: B | D39: C | E39: D | F39: E | G39: F | J39: I | K39: J | L39: K = (D x I) / J | M39: L= D x I | N39: M = D x I | O39: N = Penyesuaian K, L, dan M | P39: O | Q39: P | R39: Q = J x N X P | S39: R = N x P | T39: S = N x P | U39: T = Total Q+R+S | V39: U | W39: V = U - T | X39: W = V/Ux 100 | Y39: X = Total Q / I | Z39: Y = Penyesuaian X | AA39: Z = Y x I | AB39: AA = Total R + Total S | AC39: AB = Z + AA | AD39: AC = U - AB | AE39: AD = AC/U X 100 | AF39: AE = (Total Q + Total R) / I | AG39: AF = Penyesuaian AE | AH39: AG = AF x I | AI39: AH = Total S | AJ39: AI = AG + AH | AK39: AJ = U - AI | AL39: AK = AJ/U X 100
B40: 2 | C40: A.4.2.1.11 | E40: 1 | F40: M' | G40: Pemasangan Kusen Jendela Alumunium 4"
F41: A | G41: Tenaga | J41: =RAP!E74 -> 543.95 | K41: 4 | U41: =SUM(R41:R56)+(SUM(S41:S56)+SUM(T41:T56)) -> 81265400 | V41: =RAP!H74 -> 89724376 | W41: =V41-U41 -> 8458975.7 | X41: =W41/V41*100 -> 9.4277343 | Y41: =SUM(R41:R56)/J41 -> 7794.8341 | Z41: 9500 | AA41: =J41*Z41 -> 5167525 | AB41: =SUM(S41:S56)+SUM(T41:T56) -> 77025400 | AC41: =AA41+AB41 -> 82192925 | AD41: =V41-AC41 -> 7531450.7 | AE41: =AD41/V41*100 -> 8.3939851 | AF41: =(SUM(R41:R56)+SUM(S41:S56))/J41 -> 149398.66 | AG41: 150000 | AH41: =AG41*J41 -> 81592500 | AI41: =SUM(T41:T56) -> 0 | AJ41: =AH41+AI41 -> 81592500 | AK41: =V41-AJ41 -> 8131875.7 | AL41: =AK41/V41*100 -> 9.0631734
D42: L.01 | E42: 0.043 | F42: OH | G42: Pekerja | L42: =E42*J41/K41 -> 5.8474625 | O42: 6 | P42: =F42 -> OH | Q42: =Q19 -> 75000 | R42: =O42*Q42*K41 -> 1800000
D43: L.02 | E43: 0.043 | F43: OH | G43: Tukang Besi | L43: =E43*J41/K41 -> 5.8474625 | O43: 6 | P43: =F43 -> OH | Q43: =Q20 -> 85000 | R43: =O43*Q43*K41 -> 2040000
D44: L.03 | E44: 0.0043 | F44: OH | G44: Kepala Tukang | L44: =E44*J41/K41 -> 0.58474625 | O44: 0 | P44: =F44 -> OH | Q44: =Q21 -> 90000 | R44: =O44*Q44*K41 -> 0
D45: L.04 | E45: 0.0021 | F45: OH | G45: Mandor | L45: =E45*J41/K41 -> 0.28557375 | O45: 1 | P45: =F45 -> OH | Q45: =Q22 -> 100000 | R45: =O45*Q45*K41 -> 400000
F46: B | G46: Bahan | Q46: =Q23 -> 0
E47: =1.1/4 -> 0.275 | F47: btg | G47: Profil alumunium | M47: =E47*J41 -> 149.58625 | O47: 150 | P47: =F47 -> btg | Q47: =Q24 -> 500000 | S47: =O47*Q47 -> 75000000
E48: 2 | F48: buah | G48: Sekrup | M48: =E48*J41 -> 1087.9 | O48: 1088 | P48: =F48 -> buah | Q48: =Q25 -> 800 | S48: =O48*Q48 -> 870400
E49: 0.06 | F49: Tube | G49: Sealent | M49: =E49*J41 -> 32.637 | O49: 33 | P49: =F49 -> Tube | Q49: =Q26 -> 35000 | S49: =O49*Q49 -> 1155000
M50: =E50*J41 -> 0 | O50: 0 | P50: =F50 -> 0 | Q50: ='Harga Bahan RAP'!G188 -> 0 | S50: =O50*Q50 -> 0
M51: =E51*J41 -> 0 | O51: 0 | P51: =F51 -> 0 | S51: =O51*Q51 -> 0
F52: C | G52: PERALATAN
N53: =E53*J41 -> 0 | O53: 0 | P53: 0 | T53: =O53*Q53 -> 0
F54: D | G54: Jumlah A + B + C
F55: E | G55: Overhead & Profit | I55: 0.15
F56: F | G56: Harga Satuan Pekerjaan (D+E)
B58: VIII.3 | C58: =RAP!B75 -> Memasang Rangka Pintu Alumunium
B59: NO. | C59: SNI | D59: KODE | E59: KOEF. | F59: SAT. | G59: URAIAN PEKERJAAN | J59: RAP DENGAN BAYARAN (UPAH TENAGA HARIAN) | Y59: RAP DENGAN BAYARAN (UPAH TENAGA BORONGAN) | AF59: RAP DENGAN BAYARAN (UPAH TENAGA + MATERIAL BORONGAN)
J60: VOLUME | K60: DURASI | L60: JUMLAH RESOURCE | Q60: HARGA UPAH / MATERIAL / ALAT RAP | R60: BIAYA RESOURCE | U60: TOTAL BIAYA RAP | V60: TOTAL BIAYA RAB | W60: PROFIT DAN OVERHEAD | X60: % PROFIT DAN OVERHEAD | Y60: Harga Borong Jasa (Tenaga) | AA60: Total Harga Biaya Upah | AB60: Total Biaya Material + Peralatan | AC60: TOTAL BIAYA RAP | AD60: PROFIT DAN OVERHEAD | AE60: % PROFIT DAN OVERHEAD | AF60: Harga Borong Jasa (Tenaga + Material) | AH60: Total Harga Biaya Upah + Material | AI60: Total Biaya Peralatan | AJ60: TOTAL BIAYA RAP | AK60: PROFIT DAN OVERHEAD | AL60: % PROFIT DAN OVERHEAD
K61: (Hari) | L61: Jumlah Tenaga | M61: Jumlah Bahan | N61: Jumlah Alat | O61: Penyesuaian | P61: Satuan | Q61: (Rp) | R61: Biaya Tenaga | S61: Biaya Bahan | T61: Biaya Alat | U61: (Rp.) | V61: (Rp.) | W61: (Rp.) | X61: (%) | Y61: Harga (Rp) | Z61: Penyesuaian (Rp) | AA61: (Rp) | AB61: (Rp) | AC61: (Rp) | AD61: (Rp) | AE61: (Rp) | AF61: Harga (Rp) | AG61: Penyesuaian (Rp) | AH61: (Rp) | AI61: (Rp) | AJ61: (Rp) | AK61: (Rp) | AL61: (Rp)
B62: A | C62: B | D62: C | E62: D | F62: E | G62: F | J62: I | K62: J | L62: K = (D x I) / J | M62: L= D x I | N62: M = D x I | O62: N = Penyesuaian K, L, dan M | P62: O | Q62: P | R62: Q = J x N X P | S62: R = N x P | T62: S = N x P | U62: T = Total Q+R+S | V62: U | W62: V = U - T | X62: W = V/Ux 100 | Y62: X = Total Q / I | Z62: Y = Penyesuaian X | AA62: Z = Y x I | AB62: AA = Total R + Total S | AC62: AB = Z + AA | AD62: AC = U - AB | AE62: AD = AC/U X 100 | AF62: AE = (Total Q + Total R) / I | AG62: AF = Penyesuaian AE | AH62: AG = AF x I | AI62: AH = Total S | AJ62: AI = AG + AH | AK62: AJ = U - AI | AL62: AK = AJ/U X 100
B63: 3 | C63: A.4.2.1.13 | E63: 1 | F63: M2 | G63: Pemasangan Pintu / Jendela Kaca Rangka Alumunium
F64: A | G64: Tenaga | J64: =RAP!E75 -> 26.256 | K64: 2 | U64: =SUM(R64:R79)+(SUM(S64:S79)+SUM(T64:T79)) -> 28335000 | V64: =RAP!H75 -> 32304385 | W64: =V64-U64 -> 3969384.7 | X64: =W64/V64*100 -> 12.287449 | Y64: =SUM(R64:R79)/J64 -> 31992.687 | Z64: 25000 | AA64: =J64*Z64 -> 656400 | AB64: =SUM(S64:S79)+SUM(T64:T79) -> 27495000 | AC64: =AA64+AB64 -> 28151400 | AD64: =V64-AC64 -> 4152984.7 | AE64: =AD64/V64*100 -> 12.855793 | AF64: =(SUM(R64:R79)+SUM(S64:S79))/J64 -> 1079181.9 | AG64: 1000000 | AH64: =AG64*J64 -> 26256000 | AI64: =SUM(T64:T79) -> 0 | AJ64: =AH64+AI64 -> 26256000 | AK64: =V64-AJ64 -> 6048384.7 | AL64: =AK64/V64*100 -> 18.723108
D65: L.01 | E65: 0.085 | F65: OH | G65: Pekerja | L65: =E65*J64/K64 -> 1.11588 | O65: 2 | P65: =F65 -> OH | Q65: =Q42 -> 75000 | R65: =O65*Q65*K64 -> 300000
D66: L.02 | E66: 0.085 | F66: OH | G66: Tukang Besi | L66: =E66*J64/K64 -> 1.11588 | O66: 2 | P66: =F66 -> OH | Q66: =Q43 -> 85000 | R66: =O66*Q66*K64 -> 340000
D67: L.03 | E67: 0.009 | F67: OH | G67: Kepala Tukang | L67: =E67*J64/K64 -> 0.118152 | O67: 0 | P67: =F67 -> OH | Q67: =Q44 -> 90000 | R67: =O67*Q67*K64 -> 0
D68: L.04 | E68: 0.005 | F68: OH | G68: Mandor | L68: =E68*J64/K64 -> 0.06564 | O68: 1 | P68: =F68 -> OH | Q68: =Q45 -> 100000 | R68: =O68*Q68*K64 -> 200000
F69: B | G69: Bahan
E70: =4.4/4 -> 1.1 | F70: btg | G70: Profil Pintu | M70: =E70*J64 -> 28.8816 | O70: 29 | P70: =F70 -> btg | Q70: ='Harga Bahan RAP'!G134 -> 500000 | S70: =O70*Q70 -> 14500000
E71: =4.5/4 -> 1.125 | F71: btg | G71: Profil Kaca | M71: =E71*J64 -> 29.538 | O71: 30 | P71: =F71 -> btg | Q71: ='Harga Bahan RAP'!G128 -> 425000 | S71: =O71*Q71 -> 12750000
E72: 0.27 | F72: Tube | G72: Sealant | M72: =E72*J64 -> 7.08912 | O72: 7 | P72: =F72 -> Tube | Q72: ='Harga Bahan RAP'!G136 -> 35000 | S72: =O72*Q72 -> 245000
M73: =E73*J64 -> 0 | O73: 0 | P73: =F73 -> 0 | Q73: ='Harga Bahan RAP'!G210 -> 0 | S73: =O73*Q73 -> 0
M74: =E74*J64 -> 0 | O74: 0 | P74: =F74 -> 0 | S74: =O74*Q74 -> 0
F75: C | G75: PERALATAN
N76: =E76*J64 -> 0 | O76: 0 | P76: 0 | T76: =O76*Q76 -> 0
F77: D | G77: Jumlah A + B + C
F78: E | G78: Overhead & Profit | I78: 0.15
F79: F | G79: Harga Satuan Pekerjaan (D+E)
B81: VIII.4 | C81: =RAP!B76 -> Memasang Rangka Jendela Alumunium
B82: NO. | C82: SNI | D82: KODE | E82: KOEF. | F82: SAT. | G82: URAIAN PEKERJAAN | J82: RAP DENGAN BAYARAN (UPAH TENAGA HARIAN) | Y82: RAP DENGAN BAYARAN (UPAH TENAGA BORONGAN) | AF82: RAP DENGAN BAYARAN (UPAH TENAGA + MATERIAL BORONGAN)
J83: VOLUME | K83: DURASI | L83: JUMLAH RESOURCE | Q83: HARGA UPAH / MATERIAL / ALAT RAP | R83: BIAYA RESOURCE | U83: TOTAL BIAYA RAP | V83: TOTAL BIAYA RAB | W83: PROFIT DAN OVERHEAD | X83: % PROFIT DAN OVERHEAD | Y83: Harga Borong Jasa (Tenaga) | AA83: Total Harga Biaya Upah | AB83: Total Biaya Material + Peralatan | AC83: TOTAL BIAYA RAP | AD83: PROFIT DAN OVERHEAD | AE83: % PROFIT DAN OVERHEAD | AF83: Harga Borong Jasa (Tenaga + Material) | AH83: Total Harga Biaya Upah + Material | AI83: Total Biaya Peralatan | AJ83: TOTAL BIAYA RAP | AK83: PROFIT DAN OVERHEAD | AL83: % PROFIT DAN OVERHEAD
K84: (Hari) | L84: Jumlah Tenaga | M84: Jumlah Bahan | N84: Jumlah Alat | O84: Penyesuaian | P84: Satuan | Q84: (Rp) | R84: Biaya Tenaga | S84: Biaya Bahan | T84: Biaya Alat | U84: (Rp.) | V84: (Rp.) | W84: (Rp.) | X84: (%) | Y84: Harga (Rp) | Z84: Penyesuaian (Rp) | AA84: (Rp) | AB84: (Rp) | AC84: (Rp) | AD84: (Rp) | AE84: (Rp) | AF84: Harga (Rp) | AG84: Penyesuaian (Rp) | AH84: (Rp) | AI84: (Rp) | AJ84: (Rp) | AK84: (Rp) | AL84: (Rp)
B85: A | C85: B | D85: C | E85: D | F85: E | G85: F | J85: I | K85: J | L85: K = (D x I) / J | M85: L= D x I | N85: M = D x I | O85: N = Penyesuaian K, L, dan M | P85: O | Q85: P | R85: Q = J x N X P | S85: R = N x P | T85: S = N x P | U85: T = Total Q+R+S | V85: U | W85: V = U - T | X85: W = V/Ux 100 | Y85: X = Total Q / I | Z85: Y = Penyesuaian X | AA85: Z = Y x I | AB85: AA = Total R + Total S | AC85: AB = Z + AA | AD85: AC = U - AB | AE85: AD = AC/U X 100 | AF85: AE = (Total Q + Total R) / I | AG85: AF = Penyesuaian AE | AH85: AG = AF x I | AI85: AH = Total S | AJ85: AI = AG + AH | AK85: AJ = U - AI | AL85: AK = AJ/U X 100
B86: 4 | C86: A.4.2.1.13 | E86: 1 | F86: M2 | G86: Pemasangan Pintu / Jendela Kaca Rangka Alumunium
F87: A | G87: Tenaga | J87: =RAP!E76 -> 156.6 | K87: 6 | U87: =SUM(R87:R102)+(SUM(S87:S102)+SUM(T87:T102)) -> 166710000 | V87: =RAP!H76 -> 1.9267469e+08 | W87: =V87-U87 -> 25964689 | X87: =W87/V87*100 -> 13.475921 | Y87: =SUM(R87:R102)/J87 -> 22222.222 | Z87: 25000 | AA87: =J87*Z87 -> 3915000 | AB87: =SUM(S87:S102)+SUM(T87:T102) -> 163230000 | AC87: =AA87+AB87 -> 167145000 | AD87: =V87-AC87 -> 25529689 | AE87: =AD87/V87*100 -> 13.250152 | AF87: =(SUM(R87:R102)+SUM(S87:S102))/J87 -> 1064559.4 | AG87: 1000000 | AH87: =AG87*J87 -> 1.566e+08 | AI87: =SUM(T87:T102) -> 0 | AJ87: =AH87+AI87 -> 1.566e+08 | AK87: =V87-AJ87 -> 36074689 | AL87: =AK87/V87*100 -> 18.723108
D88: L.01 | E88: 0.085 | F88: OH | G88: Pekerja | L88: =E88*J87/K87 -> 2.2185 | O88: 3 | P88: =F88 -> OH | Q88: =Q65 -> 75000 | R88: =O88*Q88*K87 -> 1350000
D89: L.02 | E89: 0.085 | F89: OH | G89: Tukang Besi | L89: =E89*J87/K87 -> 2.2185 | O89: 3 | P89: =F89 -> OH | Q89: =Q66 -> 85000 | R89: =O89*Q89*K87 -> 1530000
D90: L.03 | E90: 0.009 | F90: OH | G90: Kepala Tukang | L90: =E90*J87/K87 -> 0.2349 | O90: 0 | P90: =F90 -> OH | Q90: =Q67 -> 90000 | R90: =O90*Q90*K87 -> 0
D91: L.04 | E91: 0.005 | F91: OH | G91: Mandor | L91: =E91*J87/K87 -> 0.1305 | O91: 1 | P91: =F91 -> OH | Q91: =Q68 -> 100000 | R91: =O91*Q91*K87 -> 600000
F92: B | G92: Bahan | Q92: =Q69 -> 0
E93: =4.4/4 -> 1.1 | F93: btg | G93: Profil Jendela | M93: =E93*J87 -> 172.26 | O93: 173 | P93: =F93 -> btg | Q93: =Q70 -> 500000 | S93: =O93*Q93 -> 86500000
E94: =4.5/4 -> 1.125 | F94: btg | G94: Profil Kaca | M94: =E94*J87 -> 176.175 | O94: 177 | P94: =F94 -> btg | Q94: =Q71 -> 425000 | S94: =O94*Q94 -> 75225000
E95: 0.27 | F95: Tube | G95: Sealant | M95: =E95*J87 -> 42.282 | O95: 43 | P95: =F95 -> Tube | Q95: =Q72 -> 35000 | S95: =O95*Q95 -> 1505000
M96: =E96*J87 -> 0 | O96: 0 | P96: =F96 -> 0 | Q96: ='Harga Bahan RAP'!G232 -> 0 | S96: =O96*Q96 -> 0
M97: =E97*J87 -> 0 | O97: 0 | P97: =F97 -> 0 | S97: =O97*Q97 -> 0
F98: C | G98: PERALATAN
N99: =E99*J87 -> 0 | O99: 0 | P99: 0 | T99: =O99*Q99 -> 0
F100: D | G100: Jumlah A + B + C
F101: E | G101: Overhead & Profit | I101: 0.15
F102: F | G102: Harga Satuan Pekerjaan (D+E)
B104: VIII.5 | C104: =RAP!B77 -> Memasang Pintu Alumunium KM Strip lebar 8 cm
B105: NO. | C105: SNI | D105: KODE | E105: KOEF. | F105: SAT. | G105: URAIAN PEKERJAAN | J105: RAP DENGAN BAYARAN (UPAH TENAGA HARIAN) | Y105: RAP DENGAN BAYARAN (UPAH TENAGA BORONGAN) | AF105: RAP DENGAN BAYARAN (UPAH TENAGA + MATERIAL BORONGAN)
J106: VOLUME | K106: DURASI | L106: JUMLAH RESOURCE | Q106: HARGA UPAH / MATERIAL / ALAT RAP | R106: BIAYA RESOURCE | U106: TOTAL BIAYA RAP | V106: TOTAL BIAYA RAB | W106: PROFIT DAN OVERHEAD | X106: % PROFIT DAN OVERHEAD | Y106: Harga Borong Jasa (Tenaga) | AA106: Total Harga Biaya Upah | AB106: Total Biaya Material + Peralatan | AC106: TOTAL BIAYA RAP | AD106: PROFIT DAN OVERHEAD | AE106: % PROFIT DAN OVERHEAD | AF106: Harga Borong Jasa (Tenaga + Material) | AH106: Total Harga Biaya Upah + Material | AI106: Total Biaya Peralatan | AJ106: TOTAL BIAYA RAP | AK106: PROFIT DAN OVERHEAD | AL106: % PROFIT DAN OVERHEAD
